City_ID,City,Country,Date,Lat,Lng,Max Temp,Humidity,Cloudiness,Wind Speed
0,Nouakchott,MR,2022-06-12 12:22:53,18.0858,-15.9785,98.53,34,43,10.09
1,Bud,US,2022-06-12 12:22:53,39.447,-86.1758,69.82,97,57,5.99
2,Borogontsy,RU,2022-06-12 12:22:53,62.6683,131.1683,54.14,97,100,5.88
3,Rikitea,PF,2022-06-12 12:22:54,-23.1203,-134.9692,73.06,63,44,11.18
4,Punta Arenas,CL,2022-06-12 12:22:54,-53.15,-70.9167,48.31,81,75,11.5
5,Kapaa,US,2022-06-12 12:22:54,22.0752,-159.319,76.12,86,40,20.71
6,Banswada,IN,2022-06-12 12:22:55,18.3833,77.8833,87.48,51,99,5.66
7,Albany,US,2022-06-12 12:20:57,42.6001,-73.9662,63.63,83,90,4.05
8,Itacarambi,BR,2022-06-12 12:22:55,-15.1022,-44.0919,78.44,36,90,2.68
9,Cabo San Lucas,MX,2022-06-12 12:22:11,22.8909,-109.9124,79.9,71,6,12.03
10,Pevek,RU,2022-06-12 12:22:56,69.7008,170.3133,35.2,66,84,3.09
11,Bayanday,RU,2022-06-12 12:22:56,53.0661,105.5139,67.77,52,82,4.74
12,Komsomolskiy,UZ,2022-06-12 12:18:22,40.4272,71.7189,86.72,28,71,13.8
13,Powell River,CA,2022-06-12 12:22:56,49.8496,-124.5361,55.08,85,73,5.79
14,Bridlington,GB,2022-06-12 12:22:57,54.0831,-0.1919,65.89,61,57,16.84
15,Mataura,NZ,2022-06-12 12:22:57,-46.1927,168.8643,34.48,94,50,2.89
16,Bredasdorp,ZA,2022-06-12 12:22:58,-34.5322,20.0403,77.23,21,100,9.46
17,Bose,IT,2022-06-12 12:22:58,45.4612,8.0137,85.06,45,22,5.12
18,Belmonte,BR,2022-06-12 12:22:58,-15.8631,-38.8828,76.39,76,96,1.9
19,Barinas,VE,2022-06-12 12:22:59,8.6226,-70.2075,71.11,97,100,1.32
20,Kodiak,US,2022-06-12 12:22:59,57.79,-152.4072,44.11,87,0,6.91
21,Chiredzi,ZW,2022-06-12 12:22:59,-21.05,31.6667,75.85,31,0,2.93
22,Alofi,NU,2022-06-12 12:23:00,-19.0595,-169.9187,75.09,94,58,1.14
23,Busselton,AU,2022-06-12 12:23:00,-33.65,115.3333,59.23,57,62,29.91
24,Mahebourg,MU,2022-06-12 12:23:00,-20.4081,57.7,71.26,94,75,10.36
25,Cape Town,ZA,2022-06-12 12:23:01,-33.9258,18.4232,73.27,33,0,23.02
26,Norman Wells,CA,2022-06-12 12:23:01,65.282,-126.8329,44.64,93,100,16.11
27,Arlit,NE,2022-06-12 12:23:01,18.7369,7.3853,106.16,13,7,8.01
28,Mokhsogollokh,RU,2022-06-12 12:23:02,61.4681,128.9203,54.99,87,100,6.91
29,San Cristobal,VE,2022-06-12 12:18:38,7.7669,-72.225,68.18,98,100,4.34
30,Vanimo,PG,2022-06-12 12:23:03,-2.6741,141.3028,79.34,83,36,5.82
31,Ushuaia,AR,2022-06-12 12:21:34,-54.8,-68.3,49.66,71,0,0.0
32,Tabou,CI,2022-06-12 12:23:03,4.423,-7.3528,81.36,73,92,9.19
33,Sao Jose Da Coroa Grande,BR,2022-06-12 12:23:04,-8.8978,-35.1478,79.03,77,33,2.06
34,Jamestown,US,2022-06-12 12:23:04,42.097,-79.2353,64.51,66,88,5.01
35,Port Alfred,ZA,2022-06-12 12:23:04,-33.5906,26.891,82.18,23,54,10.0
36,Hargeysa,SO,2022-06-12 12:23:05,9.56,44.065,91.15,21,83,11.21
37,Kaitangata,NZ,2022-06-12 12:23:05,-46.2817,169.8464,37.29,86,46,4.18
38,Santa Vitoria Do Palmar,BR,2022-06-12 12:23:05,-33.5189,-53.3681,45.41,84,25,9.82
39,Victoria,HK,2022-06-12 12:18:29,22.2855,114.1577,84.38,87,99,11.01
40,Atambua,ID,2022-06-12 12:23:06,-9.1061,124.8925,70.84,80,82,5.77
41,Vaini,TO,2022-06-12 12:23:06,-21.2,-175.2,73.56,100,40,3.44
42,Nemuro,JP,2022-06-12 12:23:06,43.3236,145.575,47.61,99,100,17.31
43,Narsaq,GL,2022-06-12 12:23:07,60.9167,-46.05,53.82,87,100,11.21
44,Hobart,AU,2022-06-12 12:21:58,-42.8794,147.3294,43.27,77,40,9.22
45,Olyka,UA,2022-06-12 12:23:07,50.7186,25.8125,75.92,54,72,8.41
46,Pacific Grove,US,2022-06-12 12:23:07,36.6177,-121.9166,63.25,90,75,5.99
47,Domoni,KM,2022-06-12 12:23:08,-12.2569,44.5319,78.39,71,45,11.52
48,Upernavik,GL,2022-06-12 12:23:08,72.7868,-56.1549,26.47,84,100,14.58
49,Changji,CN,2022-06-12 12:24:09,44.0167,87.3167,101.19,11,20,11.18
50,Sao Filipe,CV,2022-06-12 12:24:09,14.8961,-24.4956,77.63,66,11,9.24
51,Bambous Virieux,MU,2022-06-12 12:24:09,-20.3428,57.7575,71.22,94,75,10.36
52,Evensk,RU,2022-06-12 12:24:10,61.95,159.2333,42.82,90,100,2.89
53,Luziania,BR,2022-06-12 12:23:42,-16.2525,-47.9503,67.98,63,96,2.62
54,El Seibo,DO,2022-06-12 12:24:10,18.7641,-69.0375,78.33,77,87,7.4
55,Puerto Ayora,EC,2022-06-12 12:24:11,-0.7393,-90.3518,71.55,97,88,5.99
56,Port Blair,IN,2022-06-12 12:24:11,11.6667,92.75,84.24,79,75,8.05
57,Barrow,US,2022-06-12 12:24:11,71.2906,-156.7887,28.42,86,100,0.0
58,Asau,RO,2022-06-12 12:24:12,46.4333,26.4,76.12,78,68,10.87
59,La Grande,US,2022-06-12 12:24:12,45.3246,-118.0877,53.06,96,100,1.63
60,Sujangarh,IN,2022-06-12 12:24:13,27.7011,74.4649,107.49,16,0,10.58
61,Atuona,PF,2022-06-12 12:24:13,-9.8,-139.0333,77.88,63,33,14.76
62,Lavrentiya,RU,2022-06-12 12:24:13,65.5833,-171.0,34.72,72,100,10.89
63,Santa Maria,BR,2022-06-12 12:24:14,-29.6842,-53.8069,49.3,46,0,9.22
64,Oranjemund,NA,2022-06-12 12:24:14,-28.55,16.4333,69.6,47,70,15.99
65,Lebu,CL,2022-06-12 12:24:14,-37.6167,-73.65,45.37,90,28,7.56
66,Saint-Philippe,RE,2022-06-12 12:24:15,-21.3585,55.7679,76.59,83,71,15.61
67,Hermanus,ZA,2022-06-12 12:24:15,-34.4187,19.2345,77.81,38,99,19.91
68,Mar Del Plata,AR,2022-06-12 12:24:15,-38.0023,-57.5575,45.09,87,0,4.61
69,Guerrero Negro,MX,2022-06-12 12:24:16,27.9769,-114.0611,63.34,92,38,11.07
70,Carnarvon,AU,2022-06-12 12:24:16,-24.8667,113.6333,71.71,59,11,7.02
71,Denpasar,ID,2022-06-12 12:22:35,-8.65,115.2167,80.26,83,40,4.61
72,Bluff,NZ,2022-06-12 12:24:16,-46.6,168.3333,34.81,79,32,5.75
73,Pisco,PE,2022-06-12 12:24:17,-13.7,-76.2167,55.45,94,100,3.44
74,Kalmunai,LK,2022-06-12 12:24:17,7.4167,81.8167,85.57,70,100,10.36
75,Cockburn Town,TC,2022-06-12 12:24:17,21.4612,-71.1419,80.56,84,17,20.36
76,East London,ZA,2022-06-12 12:20:18,-33.0153,27.9116,83.34,20,0,12.66
77,Fare,PF,2022-06-12 12:24:18,-16.7,-151.0167,79.34,76,7,21.68
78,Severo-Kurilsk,RU,2022-06-12 12:24:18,50.6789,156.125,44.29,92,71,7.76
79,Nikolskoye,RU,2022-06-12 12:24:19,59.7035,30.7861,70.88,54,85,6.13
80,Avarua,CK,2022-06-12 12:24:19,-21.2078,-159.775,76.53,69,100,17.27
81,Shelburne,CA,2022-06-12 12:24:19,44.0787,-80.2041,60.76,99,100,7.92
82,Nago,JP,2022-06-12 12:24:20,26.5881,127.9761,79.65,94,100,5.7
83,Tiksi,RU,2022-06-12 12:24:20,71.6872,128.8694,39.52,76,57,10.22
84,Te Anau,NZ,2022-06-12 12:24:21,-45.4167,167.7167,36.19,98,87,4.45
85,The Valley,AI,2022-06-12 12:24:21,18.217,-63.0578,84.09,74,20,14.97
86,Bengkulu,ID,2022-06-12 12:24:21,-3.8004,102.2655,80.28,76,100,3.85
87,Colmenar Viejo,ES,2022-06-12 12:24:22,40.6591,-3.7676,88.93,27,91,3.44
88,Butaritari,KI,2022-06-12 12:24:22,3.0707,172.7902,81.63,75,19,11.65
89,Edea,CM,2022-06-12 12:24:22,3.8,10.1333,85.91,67,71,4.45
90,Tuktoyaktuk,CA,2022-06-12 12:24:23,69.4541,-133.0374,32.99,95,100,8.93
91,Karagaylinskiy,RU,2022-06-12 12:24:23,54.172,86.5521,80.35,64,82,8.63
92,Abu Samrah,SY,2022-06-12 12:24:23,35.3029,37.1841,87.04,23,0,28.19
93,Caravelas,BR,2022-06-12 12:24:24,-17.7125,-39.2481,76.03,82,100,4.34
94,Floro,NO,2022-06-12 12:24:24,61.5996,5.0328,57.24,100,75,18.41
95,Tasiilaq,GL,2022-06-12 12:24:24,65.6145,-37.6368,39.36,97,100,10.0
96,Beringovskiy,RU,2022-06-12 12:24:25,63.05,179.3167,36.52,69,22,3.85
97,Ancud,CL,2022-06-12 12:25:25,-41.8697,-73.8203,48.22,79,100,10.6
98,Bethel,US,2022-06-12 12:25:26,41.3712,-73.414,65.77,85,20,0.0
99,Iqaluit,CA,2022-06-12 12:25:26,63.7506,-68.5145,37.13,74,75,15.01
100,Jishou,CN,2022-06-12 12:25:26,28.3167,109.7167,66.81,97,100,2.64
101,Faanui,PF,2022-06-12 12:25:27,-16.4833,-151.75,79.43,77,11,17.13
102,Yulara,AU,2022-06-12 12:25:27,-25.2406,130.9889,54.81,43,0,8.55
103,La Sarre,CA,2022-06-12 12:25:27,48.8002,-79.1996,51.1,99,100,2.19
104,Yarim,YE,2022-06-12 12:25:28,14.298,44.3779,79.25,12,24,9.24
105,Makhinjauri,GE,2022-06-12 12:25:28,41.6739,41.694,76.86,78,40,26.46
106,Fuerte Olimpo,PY,2022-06-12 12:25:28,-21.0415,-57.8738,47.7,54,36,5.55
107,Nyurba,RU,2022-06-12 12:25:29,63.2842,118.3319,53.44,80,95,4.59
108,Okhotsk,RU,2022-06-12 12:25:29,59.3833,143.3,41.95,92,99,5.53
109,Rondonopolis,BR,2022-06-12 12:25:30,-16.4708,-54.6356,65.77,52,97,5.55
110,Semnan,IR,2022-06-12 12:25:30,35.5729,53.3971,88.41,19,18,6.26
111,San Patricio,US,2022-06-12 12:25:30,28.017,-97.5169,82.29,95,85,7.11
112,Tacoronte,ES,2022-06-12 12:25:31,28.4769,-16.4102,76.46,75,20,16.11
113,Klaksvik,FO,2022-06-12 12:25:31,62.2266,-6.589,50.92,95,100,16.78
114,Qaanaaq,GL,2022-06-12 12:25:32,77.484,-69.3632,27.93,78,99,4.5
115,Amahai,ID,2022-06-12 12:25:32,-3.3333,128.9167,78.62,86,100,1.97
116,Ouesso,CG,2022-06-12 12:25:33,1.6136,16.0517,94.01,37,72,2.91
117,Rawlins,US,2022-06-12 12:25:33,41.7911,-107.2387,46.29,49,0,0.0
118,Nueva Gerona,CU,2022-06-12 12:25:33,21.8833,-82.8,80.65,71,0,6.29
119,Turbat,PK,2022-06-12 12:25:34,26.0023,63.044,95.56,45,3,19.71
120,Hithadhoo,MV,2022-06-12 12:25:34,-0.6,73.0833,83.07,72,100,7.45
121,Kalabo,ZM,2022-06-12 12:25:34,-14.97,22.6814,79.09,26,1,4.38
122,New Norfolk,AU,2022-06-12 12:25:35,-42.7826,147.0587,42.93,82,74,3.67
123,Saldanha,ZA,2022-06-12 12:25:35,-33.0117,17.9442,62.65,68,100,19.73
124,Gongzhuling,CN,2022-06-12 12:25:35,43.5008,124.8198,63.23,86,100,14.54
125,Krasnoselkup,RU,2022-06-12 12:25:36,65.7,82.4667,70.75,58,62,18.23
126,Hammonton,US,2022-06-12 12:25:36,39.6365,-74.8024,66.15,96,100,3.56
127,Noumea,NC,2022-06-12 12:25:37,-22.2763,166.4572,73.0,99,98,4.07
128,Swan Hill,AU,2022-06-12 12:24:37,-35.3378,143.5544,51.55,68,96,6.24
129,Samarai,PG,2022-06-12 12:25:37,-10.6167,150.6667,80.78,81,74,11.12
130,Camacha,PT,2022-06-12 12:25:38,33.0833,-16.3333,67.42,68,40,12.66
131,Fortuna,US,2022-06-12 12:25:38,40.5982,-124.1573,59.94,95,100,9.22
132,Grand-Lahou,CI,2022-06-12 12:25:38,5.1367,-5.0242,82.47,71,76,8.23
133,Lakota,CI,2022-06-12 12:25:39,5.8528,-5.6883,79.52,84,97,3.44
134,Yellowknife,CA,2022-06-12 12:25:39,62.456,-114.3525,55.92,76,40,16.11
135,Kodinsk,RU,2022-06-12 12:25:39,58.6881,99.1844,76.86,43,100,2.84
136,Georgetown,MY,2022-06-12 12:25:08,5.4112,100.3354,84.13,81,20,4.61
137,Motygino,RU,2022-06-12 12:25:40,58.1831,94.7592,68.49,88,70,2.84
138,Lagoa,PT,2022-06-12 12:25:40,39.05,-27.9833,61.38,71,2,20.07
139,Lompoc,US,2022-06-12 12:26:41,34.6391,-120.4579,57.78,96,100,3.44
140,Dali,CN,2022-06-12 12:26:41,25.7,100.1833,68.07,80,83,5.61
141,Kahului,US,2022-06-12 12:26:41,20.8947,-156.47,76.84,84,20,14.97
142,Saint-Georges,GD,2022-06-12 12:25:07,12.0564,-61.7485,80.28,83,20,25.32
143,Hovd,MN,2022-06-12 12:26:42,48.0056,91.6419,82.8,13,41,8.88
144,Tutoia,BR,2022-06-12 12:26:42,-2.7619,-42.2744,79.83,79,63,7.31
145,Maltahohe,NA,2022-06-12 12:26:42,-24.8333,16.9833,74.88,18,2,17.94
146,San Policarpo,PH,2022-06-12 12:26:43,12.1791,125.5072,82.6,77,95,9.64
147,Provideniya,RU,2022-06-12 12:26:44,64.3833,-173.3,35.58,71,90,2.93
148,Saint-Pierre,RE,2022-06-12 12:26:44,-21.3393,55.4781,76.68,65,20,27.63
149,Macklin,CA,2022-06-12 12:26:44,52.3334,-109.9348,52.14,85,63,5.35
150,Guapore,BR,2022-06-12 12:26:45,-28.8456,-51.8903,39.7,68,0,2.33
151,Pucallpa,PE,2022-06-12 12:26:45,-8.3791,-74.5539,62.62,85,59,3.18
152,Urumqi,CN,2022-06-12 12:24:02,43.801,87.6005,97.75,11,20,11.18
153,Drayton Valley,CA,2022-06-12 12:26:45,53.2168,-114.9854,46.24,87,92,4.97
154,Sheregesh,RU,2022-06-12 12:26:46,52.9209,87.9869,66.02,91,97,5.12
155,Quang Ngai,VN,2022-06-12 12:24:39,15.1167,108.8,83.34,80,78,4.7
156,Hervey Bay,AU,2022-06-12 12:26:46,-25.2986,152.8535,57.02,62,100,1.01
157,Cambui,BR,2022-06-12 12:26:46,-22.6122,-46.0575,59.14,69,100,2.8
158,Foam Lake,CA,2022-06-12 12:26:47,51.65,-103.5343,53.35,92,59,6.42
159,Tarsus,TR,2022-06-12 12:26:47,36.9188,34.8784,86.38,54,1,17.63
160,Moranbah,AU,2022-06-12 12:26:47,-22.0016,148.0466,50.04,61,51,6.31
161,Half Moon Bay,US,2022-06-12 12:26:48,37.4636,-122.4286,65.88,92,100,11.5
162,Isla Vista,US,2022-06-12 12:26:48,34.4133,-119.861,61.83,88,100,4.61
163,Vangaindrano,MG,2022-06-12 12:26:48,-23.35,47.6,72.52,66,52,6.49
164,Hualmay,PE,2022-06-12 12:26:49,-11.0964,-77.6139,61.27,85,42,8.32
165,Pitimbu,BR,2022-06-12 12:26:49,-7.4706,-34.8086,81.19,80,14,3.96
166,Leningradskiy,RU,2022-06-12 12:26:49,69.3833,178.4167,35.11,71,52,7.45
167,Neuquen,AR,2022-06-12 12:23:12,-38.9516,-68.0591,35.49,75,0,5.75
168,Omboue,GA,2022-06-12 12:26:50,-1.5746,9.2618,79.29,77,46,8.05
169,Merauke,ID,2022-06-12 12:26:50,-8.4667,140.3333,78.58,87,100,16.15
170,Kolosovka,RU,2022-06-12 12:22:07,56.4678,73.611,65.82,82,38,12.95
171,Sitka,US,2022-06-12 12:26:51,57.0531,-135.33,48.09,87,100,3.44
172,Cherskiy,RU,2022-06-12 12:26:51,68.75,161.3,57.87,34,31,11.39
173,Esperance,AU,2022-06-12 12:26:51,-33.8667,121.9,61.54,79,80,14.09
174,High Level,CA,2022-06-12 12:26:52,58.5169,-117.136,46.51,100,75,2.3
175,Bojnurd,IR,2022-06-12 12:26:52,37.4747,57.329,82.35,23,20,16.11
176,Bereda,ES,2022-06-12 12:26:52,43.2686,-7.5406,65.57,91,100,7.72
177,Vila Do Maio,CV,2022-06-12 12:26:53,15.1333,-23.2167,83.19,87,49,13.47
178,San Juan De Uraba,CO,2022-06-12 12:26:53,8.7592,-76.5297,74.89,93,95,7.02
179,Ilo,PE,2022-06-12 12:26:51,-17.6394,-71.3375,60.53,77,48,4.99
180,Castro,BR,2022-06-12 12:26:53,-24.7911,-50.0119,42.37,50,67,6.49
181,Formosa,AR,2022-06-12 12:26:54,-26.1775,-58.1781,42.78,87,0,0.0
182,Kloulklubed,PW,2022-06-12 12:26:54,7.0419,134.2556,75.7,75,88,8.48
183,Astoria,US,2022-06-12 12:26:54,46.1879,-123.8313,53.49,90,100,3.44
184,Carnot,CF,2022-06-12 12:26:55,4.9409,15.8665,73.06,93,100,4.63
185,Abbeville,FR,2022-06-12 12:26:55,50.1,1.8333,70.25,54,63,11.03
186,Nha Trang,VN,2022-06-12 12:24:16,12.25,109.1833,86.0,86,66,9.28
187,Tahta,EG,2022-06-12 12:27:56,26.7693,31.5021,105.75,13,0,17.78
188,Impfondo,CG,2022-06-12 12:27:56,1.6381,18.0667,95.45,37,73,2.04
189,Cusset,FR,2022-06-12 12:27:56,46.13,3.4596,82.74,37,25,4.09
190,Sur,OM,2022-06-12 12:23:32,22.5667,59.5289,92.86,52,3,12.48
191,Aswan,EG,2022-06-12 12:27:57,24.0934,32.907,113.04,5,0,12.1
192,Vardo,NO,2022-06-12 12:27:57,70.3705,31.1107,51.78,76,75,18.41
193,Serafimovich,RU,2022-06-12 12:27:57,49.5786,42.736,81.63,38,1,11.5
194,San Juan,AR,2022-06-12 12:27:58,-31.5375,-68.5364,46.87,51,14,3.15
195,Pilar,BR,2022-06-12 12:27:58,-9.5972,-35.9567,78.73,79,20,1.57
196,Lichinga,MZ,2022-06-12 12:27:58,-13.3128,35.2406,68.09,42,75,12.66
197,Kupang,ID,2022-06-12 12:27:59,-10.1667,123.5833,77.41,66,33,13.85
198,Narrabri,AU,2022-06-12 12:27:59,-30.3167,149.7833,41.52,91,89,6.26
199,Tarakan,ID,2022-06-12 12:27:59,3.3,117.6333,81.9,78,20,2.3
200,Mahon,ES,2022-06-12 12:28:00,39.8885,4.2658,79.36,69,20,8.05
201,Susuman,RU,2022-06-12 12:28:00,62.7833,148.1667,44.51,71,39,3.04
202,Dikson,RU,2022-06-12 12:28:00,73.5069,80.5464,31.6,94,99,16.13
203,Severo-Yeniseyskiy,RU,2022-06-12 12:28:00,60.3725,93.0408,63.7,71,77,4.32
204,Olinda,BR,2022-06-12 12:28:01,-8.0089,-34.8553,80.33,78,20,5.75
205,Norton Shores,US,2022-06-12 12:28:01,43.1689,-86.2639,60.98,79,100,3.44
206,Kutum,SD,2022-06-12 12:28:01,14.2,24.6667,95.32,20,39,15.57
207,Sabang,ID,2022-06-12 12:28:02,5.8933,95.3214,83.17,71,100,14.85
208,Oussouye,SN,2022-06-12 12:28:02,12.485,-16.5469,89.78,54,46,9.08
209,Calafell,ES,2022-06-12 12:28:03,41.2,1.5683,98.42,69,15,10.69
210,Marawi,PH,2022-06-12 12:28:03,7.9986,124.2928,70.12,95,94,1.01
211,Pemba,MZ,2022-06-12 12:28:03,-12.974,40.5178,83.1,54,20,14.97
212,Laguna,US,2022-06-12 12:28:04,38.421,-121.4238,70.97,80,40,6.91
213,Aranos,NA,2022-06-12 12:28:04,-24.1333,19.1167,75.06,20,0,15.88
214,Mananara,MG,2022-06-12 12:28:04,-16.1667,49.7667,76.33,67,28,11.21
215,Gat,IL,2022-06-12 12:28:05,31.61,34.7642,85.78,36,0,15.73
216,Muroto,JP,2022-06-12 12:28:05,33.2833,134.15,72.54,79,95,2.64
217,Poum,NC,2022-06-12 12:28:05,-20.2333,164.0167,75.18,80,67,6.69
218,Lovozero,RU,2022-06-12 12:28:06,68.005,35.0117,65.34,55,79,17.76
219,Shimoda,JP,2022-06-12 12:28:06,34.6667,138.95,69.1,87,22,5.68
220,Inhambane,MZ,2022-06-12 12:28:06,-23.865,35.3833,76.98,61,40,6.91
221,Tilichiki,RU,2022-06-12 12:28:07,60.4667,166.1,36.61,88,47,3.89
222,Lyskovo,RU,2022-06-12 12:28:07,56.0328,45.0422,65.14,44,2,9.66
223,Yekaterinovka,RU,2022-06-12 12:28:07,52.0508,44.3451,70.61,49,21,12.41
224,Sisimiut,GL,2022-06-12 12:28:08,66.9395,-53.6735,36.77,74,50,19.13
225,Baykit,RU,2022-06-12 12:28:08,61.67,96.37,66.99,50,99,9.31
226,Grindavik,IS,2022-06-12 12:28:08,63.8424,-22.4338,51.75,81,100,8.05
227,Humaita,BR,2022-06-12 12:28:08,-7.5061,-63.0208,67.91,82,100,4.09
228,Potosi,BO,2022-06-12 12:28:09,-19.5836,-65.7531,34.25,29,0,2.24
229,Bafq,IR,2022-06-12 12:28:09,31.6128,55.4107,100.81,10,0,18.1
230,Anamur,TR,2022-06-12 12:28:09,36.0751,32.8369,78.48,63,2,17.83
231,Baijiantan,CN,2022-06-12 12:28:10,45.6333,85.1833,102.72,10,71,7.29
232,Athens,GR,2022-06-12 12:26:19,37.9795,23.7162,85.6,46,40,15.01
233,Neklyudovo,RU,2022-06-12 12:28:10,56.4114,43.9814,67.98,39,4,8.48
234,Constitucion,CL,2022-06-12 12:29:10,-35.3333,-72.4167,47.66,77,45,3.51
235,Manokwari,ID,2022-06-12 12:27:12,-0.8667,134.0833,79.41,80,71,3.67
236,Huangnihe,CN,2022-06-12 12:29:11,43.5583,128.0239,60.91,74,100,5.23
237,Yoichi,JP,2022-06-12 12:29:11,43.2039,140.7703,53.1,91,78,6.31
238,Paris,FR,2022-06-12 12:27:48,48.8534,2.3488,77.25,47,40,9.22
239,Singaraja,ID,2022-06-12 12:29:12,-8.112,115.0882,80.65,82,86,3.56
240,Gourcy,BF,2022-06-12 12:29:12,13.2167,-2.35,94.06,37,83,8.39
241,Arraial Do Cabo,BR,2022-06-12 12:28:33,-22.9661,-42.0278,67.86,88,75,10.36
242,Khatanga,RU,2022-06-12 12:29:13,71.9667,102.5,67.93,34,1,10.74
243,Qinhuangdao,CN,2022-06-12 12:29:13,39.9317,119.5883,64.72,97,94,1.7
244,Sarab,IR,2022-06-12 12:29:13,38.6066,44.9883,73.08,48,27,11.68
245,Kirkenaer,NO,2022-06-12 12:29:13,60.4564,12.0582,63.01,52,56,12.62
246,Broome,US,2022-06-12 12:29:14,42.2506,-75.833,63.19,77,0,8.05
247,Birao,CF,2022-06-12 12:29:14,10.2849,22.7882,97.9,32,83,4.52
248,Carutapera,BR,2022-06-12 12:29:14,-1.195,-46.02,83.14,71,58,6.69
249,Labytnangi,RU,2022-06-12 12:29:15,66.6572,66.4183,51.35,74,100,16.46
250,Salalah,OM,2022-06-12 12:29:15,17.0151,54.0924,89.69,79,75,17.27
251,Sinop,TR,2022-06-12 12:29:15,41.7711,34.8709,65.5,91,64,8.48
252,Dunedin,NZ,2022-06-12 12:29:16,-45.8742,170.5036,46.8,50,42,2.35
253,Gornopravdinsk,RU,2022-06-12 12:29:16,60.05,69.9,56.55,97,100,6.11
254,Ribeira Grande,PT,2022-06-12 12:29:16,38.5167,-28.7,66.6,63,40,14.97
255,Honiara,SB,2022-06-12 12:29:17,-9.4333,159.95,76.48,81,47,5.28
256,Kathu,TH,2022-06-12 12:29:17,7.9178,98.3332,85.69,99,100,9.93
257,Port Elizabeth,ZA,2022-06-12 12:29:17,-33.918,25.5701,79.32,22,0,13.8
258,Olafsvik,IS,2022-06-12 12:29:18,64.8945,-23.7142,46.47,81,98,10.74
259,Diu,IN,2022-06-12 12:25:59,20.7141,70.9822,85.24,70,88,14.2
260,Gumia,IN,2022-06-12 12:29:18,23.7833,85.8167,110.3,11,59,14.25
261,Kavieng,PG,2022-06-12 12:29:18,-2.5744,150.7967,82.29,77,50,13.31
262,Codrington,AU,2022-06-12 12:29:19,-38.2667,141.9667,52.9,80,75,10.96
263,Kotka,FI,2022-06-12 12:29:19,60.4664,26.9458,70.86,78,65,11.7
264,Inzer,RU,2022-06-12 12:29:19,54.2167,57.5556,51.03,74,100,7.34
265,Hasaki,JP,2022-06-12 12:29:20,35.7333,140.8333,63.0,87,29,9.78
266,Hilo,US,2022-06-12 12:29:20,19.7297,-155.09,72.63,94,0,3.44
267,Nome,US,2022-06-12 12:29:20,64.5011,-165.4064,39.27,65,100,6.91
268,Soria,ES,2022-06-12 12:29:21,41.6667,-2.6667,84.11,38,80,10.4
269,Marrakesh,MA,2022-06-12 12:29:21,31.6315,-8.0083,87.87,48,40,8.05
270,Bridlicna,CZ,2022-06-12 12:29:21,49.9117,17.3711,75.87,49,51,1.72
271,Hendek,TR,2022-06-12 12:29:21,40.7994,30.7481,69.85,85,74,5.68
272,Cabinda,AO,2022-06-12 12:29:22,-5.55,12.2,82.54,69,20,9.22
273,Puteyets,RU,2022-06-12 12:29:22,65.1716,57.091,60.71,26,27,16.28
274,Bastrop,US,2022-06-12 12:29:22,32.7562,-91.8724,76.82,96,72,1.01
275,Moose Factory,CA,2022-06-12 12:29:23,51.2585,-80.6094,46.4,100,100,8.05
276,Waingapu,ID,2022-06-12 12:29:23,-9.6567,120.2641,76.66,76,68,11.86
277,Yatou,CN,2022-06-12 12:29:23,37.15,122.3833,67.1,77,100,8.63
278,Ilulissat,GL,2022-06-12 12:29:24,69.2167,-51.1,35.62,80,75,16.11
279,Ketchikan,US,2022-06-12 12:29:24,55.3422,-131.6461,48.67,93,75,5.75
280,Novo Aripuana,BR,2022-06-12 12:30:25,-5.1206,-60.3797,76.64,77,100,2.55
281,Deputatskiy,RU,2022-06-12 12:30:25,69.3,139.9,53.51,49,4,10.18
282,Vila Velha,BR,2022-06-12 12:30:25,-20.3297,-40.2925,73.35,82,40,4.61
283,Madison,US,2022-06-12 12:27:12,34.7334,-86.5667,73.36,92,0,5.75
284,Torbay,CA,2022-06-12 12:30:19,47.6666,-52.7314,64.76,74,75,13.8
285,Kidal,ML,2022-06-12 12:30:26,18.4411,1.4078,98.4,22,46,5.91
286,Nicoya,CR,2022-06-12 12:30:26,10.1483,-85.452,73.58,93,100,2.86
287,Miyako,JP,2022-06-12 12:30:26,39.6367,141.9525,54.19,91,3,7.52
288,Talnakh,RU,2022-06-12 12:30:27,69.4865,88.3972,72.21,37,100,7.7
289,Ambilobe,MG,2022-06-12 12:30:27,-13.2,49.05,84.29,44,15,0.74
290,Virginia Beach,US,2022-06-12 12:30:26,36.8529,-75.978,78.03,88,100,3.44
291,Atikokan,CA,2022-06-12 12:30:27,48.7555,-91.6216,56.35,56,68,5.91
292,Jinchang,CN,2022-06-12 12:30:28,38.4953,102.1739,73.15,9,1,6.87
293,Taltal,CL,2022-06-12 12:30:28,-25.4,-70.4833,59.72,69,20,4.07
294,Vao,NC,2022-06-12 12:30:28,-22.6667,167.4833,71.78,84,100,7.27
295,La Plata,AR,2022-06-12 12:30:29,-34.9215,-57.9545,47.01,36,0,3.33
296,Kavaratti,IN,2022-06-12 12:30:29,10.5669,72.642,79.56,84,100,13.53
297,Muli,MV,2022-06-12 12:30:29,2.9167,73.5667,84.29,70,100,11.92
298,Vedasandur,IN,2022-06-12 12:30:30,10.5333,77.95,80.4,73,97,13.56
299,Alekseyevsk,RU,2022-06-12 12:30:30,57.8406,108.3492,61.14,52,100,3.78
300,Tabuk,PH,2022-06-12 12:30:30,17.4189,121.4443,77.52,89,96,3.47
301,Tura,IN,2022-06-12 12:30:30,25.5198,90.2201,77.09,91,97,7.2
302,Vostok,RU,2022-06-12 12:30:31,46.4856,135.8833,50.65,76,0,4.63
303,Hit,IQ,2022-06-12 12:30:31,33.6416,42.8251,109.0,7,0,15.21
304,Sapa,PH,2022-06-12 12:30:31,5.1544,120.3241,82.63,73,94,7.11
305,Preobrazheniye,RU,2022-06-12 12:30:32,42.9019,133.9064,52.45,95,100,3.96
306,Richards Bay,ZA,2022-06-12 12:30:32,-28.783,32.0377,76.35,38,77,6.49
307,Bonthe,SL,2022-06-12 12:30:32,7.5264,-12.505,84.06,70,90,9.35
308,Thompson,CA,2022-06-12 12:28:02,55.7435,-97.8558,57.36,67,75,3.44
309,Bacolod,PH,2022-06-12 12:30:33,10.6667,122.95,80.13,81,22,3.51
310,Arenzano,IT,2022-06-12 12:30:33,44.4052,8.6832,87.01,60,0,5.99
311,Kyabe,TD,2022-06-12 12:30:33,9.4515,18.9449,100.56,29,99,1.01
312,Narayanganj,BD,2022-06-12 12:30:34,23.6233,90.5011,89.62,74,12,19.95
313,Morondava,MG,2022-06-12 12:30:34,-20.2833,44.2833,80.2,58,11,11.63
314,Boende,CD,2022-06-12 12:30:34,-0.2167,20.8667,89.6,46,96,3.09
315,Puerto Escondido,MX,2022-06-12 12:30:35,15.85,-97.0667,74.23,78,40,6.91
316,Port Hedland,AU,2022-06-12 12:30:35,-20.3167,118.5667,71.65,73,100,0.0
317,Terme,TR,2022-06-12 12:30:35,41.2092,36.9739,76.93,81,100,3.6
318,Airai,TL,2022-06-12 12:30:36,-8.9266,125.4092,57.65,91,100,3.44
319,Ponta Do Sol,PT,2022-06-12 12:30:36,32.6667,-17.1,75.7,74,17,1.52
320,Nhulunbuy,AU,2022-06-12 12:30:36,-12.2333,136.7667,77.61,73,40,14.97
321,Beira,MZ,2022-06-12 12:30:37,-19.8436,34.8389,77.09,69,20,8.05
322,Jacareacanga,BR,2022-06-12 12:27:06,-6.2222,-57.7528,73.08,92,99,0.83
323,Huarmey,PE,2022-06-12 12:30:37,-10.0681,-78.1522,63.73,81,80,7.0
324,San Rafael,AR,2022-06-12 12:30:35,-34.6177,-68.3301,52.32,33,27,6.02
325,Villa Carlos Paz,AR,2022-06-12 12:30:38,-31.4241,-64.4978,54.9,34,0,17.0
326,Ciudad Bolivar,VE,2022-06-12 12:31:38,8.1222,-63.5497,79.61,79,96,10.4
327,Broken Hill,AU,2022-06-12 12:31:38,-31.95,141.4333,45.73,78,18,8.37
328,Husavik,IS,2022-06-12 12:31:38,66.0449,-17.3389,42.46,96,100,6.93
329,Cayenne,GF,2022-06-12 12:31:39,4.9333,-52.3333,85.08,7,20,2.3
330,Beyneu,KZ,2022-06-12 12:31:39,45.3167,55.2,90.05,19,5,10.09
331,Kruisfontein,ZA,2022-06-12 12:31:40,-34.0033,24.7314,76.89,19,100,24.2
332,Killybegs,IE,2022-06-12 12:31:40,54.6333,-8.45,55.11,74,81,21.47
333,Chuy,UY,2022-06-12 12:31:40,-33.6971,-53.4616,50.52,74,85,11.59
334,Yarmouth,US,2022-06-12 12:31:40,41.7057,-70.2286,72.14,81,20,7.0
335,Buraydah,SA,2022-06-12 12:31:41,26.326,43.975,109.85,6,0,8.79
336,Grand-Santi,GF,2022-06-12 12:31:41,4.25,-54.3833,82.06,72,95,2.71
337,Kichera,RU,2022-06-12 12:31:41,55.9375,110.0997,57.54,56,32,0.89
338,Atasu,KZ,2022-06-12 12:31:42,48.6814,71.6433,72.45,43,100,17.49
339,Vestmannaeyjar,IS,2022-06-12 12:31:42,63.4427,-20.2734,50.99,87,40,23.02
340,Chokurdakh,RU,2022-06-12 12:31:42,70.6333,147.9167,52.7,40,8,12.35
341,Chumikan,RU,2022-06-12 12:31:43,54.7183,135.315,38.34,100,95,1.12
342,Oranjestad,AW,2022-06-12 12:28:58,12.524,-70.027,78.75,94,40,9.22
343,Fairbanks,US,2022-06-12 12:31:43,64.8378,-147.7164,51.93,76,0,4.61
344,Petropavlovsk-Kamchatskiy,RU,2022-06-12 12:31:43,53.0452,158.6483,52.39,62,0,8.95
345,Aykhal,RU,2022-06-12 12:31:44,66.0,111.5,55.11,60,84,6.49
346,Haines Junction,CA,2022-06-12 12:31:44,60.7522,-137.5108,44.55,87,100,1.14
347,Kaa-Khem,RU,2022-06-12 12:31:44,51.6833,94.7333,80.73,32,100,2.17
348,Tomatlan,MX,2022-06-12 12:31:45,19.9333,-105.25,77.5,80,9,1.97
349,Gambela,ET,2022-06-12 12:31:45,8.25,34.5833,92.48,39,100,4.61
350,Bagdarin,RU,2022-06-12 12:31:45,54.4333,113.6,54.59,55,9,4.68
351,Puerto El Triunfo,SV,2022-06-12 12:31:46,13.2833,-88.55,76.12,88,85,3.96
352,Xining,CN,2022-06-12 12:31:46,36.6167,101.7667,50.67,77,30,2.77
353,Saint George,US,2022-06-12 12:31:46,37.1041,-113.5841,81.19,21,0,6.91
354,Jimma,ET,2022-06-12 12:31:47,7.6667,36.8333,73.2,67,99,4.0
355,Northam,GB,2022-06-12 12:31:47,51.0333,-4.2167,61.39,69,0,12.33
356,Basavana Bagevadi,IN,2022-06-12 12:31:47,16.5833,75.9667,85.96,46,99,15.39
357,Corum,TR,2022-06-12 12:31:48,40.5,34.75,74.34,44,17,5.75
358,Adilcevaz,TR,2022-06-12 12:31:48,38.8039,42.7342,68.74,51,50,6.46
359,Faya,SA,2022-06-12 12:31:48,18.3851,42.4509,89.71,20,45,18.16
360,Longyearbyen,SJ,2022-06-12 12:31:49,78.2186,15.6401,39.04,81,75,3.44
361,Bowen,AU,2022-06-12 12:31:49,-20.0167,148.2333,58.98,65,0,5.41
362,Gorontalo,ID,2022-06-12 12:28:37,0.5412,123.0595,76.66,94,66,2.3
363,Nanortalik,GL,2022-06-12 12:31:49,60.1432,-45.2371,39.94,90,100,4.05
364,Santa Isabel Do Rio Negro,BR,2022-06-12 12:31:50,-0.4139,-65.0192,73.15,93,100,1.54
365,Riyadh,SA,2022-06-12 12:31:50,24.6877,46.7219,111.34,6,0,6.4
366,Coahuayana,MX,2022-06-12 12:31:50,18.7333,-103.6833,78.84,82,29,2.3
367,Doha,QA,2022-06-12 12:31:51,25.2867,51.5333,107.91,47,0,17.27
368,Mount Isa,AU,2022-06-12 12:31:05,-20.7333,139.5,56.97,44,0,4.61
369,Inuvik,CA,2022-06-12 12:31:51,68.3499,-133.7218,34.66,93,100,8.05
370,Geraldton,AU,2022-06-12 12:31:51,-28.7667,114.6,61.21,63,40,8.05
371,Banda Aceh,ID,2022-06-12 12:31:52,5.5577,95.3222,80.4,73,100,8.99
372,Ahipara,NZ,2022-06-12 12:31:52,-35.1667,173.1667,60.13,85,14,26.42
373,Izberbash,RU,2022-06-12 12:32:52,42.5696,47.8645,75.25,62,12,14.47
374,Roma,US,2022-06-12 12:32:53,43.2128,-75.4557,65.66,74,0,6.91
375,Zhezkazgan,KZ,2022-06-12 12:32:53,47.8043,67.7144,85.98,20,75,13.42
376,Narasannapeta,IN,2022-06-12 12:32:53,18.4167,84.05,87.01,74,100,11.54
377,Tessalit,ML,2022-06-12 12:32:54,20.1986,1.0114,95.79,18,100,13.29
378,Vitim,RU,2022-06-12 12:32:54,59.4511,112.5578,55.49,56,5,3.91
379,Den Helder,NL,2022-06-12 12:32:54,52.9599,4.7593,66.96,76,40,16.11
380,Kondratovo,RU,2022-06-12 12:32:55,57.9804,56.1066,48.49,87,100,8.99
381,Dwarka,IN,2022-06-12 12:32:55,22.2394,68.9678,87.64,66,6,12.84
382,Dunmore Town,BS,2022-06-12 12:29:08,25.5,-76.65,81.27,79,16,14.83
383,Zyryanka,RU,2022-06-12 12:32:55,65.75,150.85,54.72,51,61,5.17
384,Souillac,MU,2022-06-12 12:32:56,-20.5167,57.5167,70.18,94,75,10.36
385,Sasykoli,RU,2022-06-12 12:32:56,47.5515,46.9968,89.19,25,11,9.55
386,Bani Walid,LY,2022-06-12 12:32:56,31.7566,13.9942,90.1,25,0,14.07
387,Asfi,MA,2022-06-12 12:32:57,32.2994,-9.2372,71.65,80,30,9.84
388,Port Elgin,CA,2022-06-12 12:32:57,46.0487,-64.0868,68.05,65,18,6.96
389,Sao Joao Da Barra,BR,2022-06-12 12:30:23,-21.6403,-41.0511,68.09,88,100,3.62
390,Dingle,PH,2022-06-12 12:32:57,10.9995,122.6711,78.93,83,37,3.51
391,Anuradhapura,LK,2022-06-12 12:32:58,8.3565,80.4173,81.59,72,100,11.72
392,Pangnirtung,CA,2022-06-12 12:32:58,66.1451,-65.7125,33.17,94,79,2.68
393,Atar,MR,2022-06-12 12:32:58,20.5169,-13.0499,104.05,22,0,13.8
394,Cabedelo,BR,2022-06-12 12:31:58,-6.9811,-34.8339,81.27,74,31,7.09
395,Acajutiba,BR,2022-06-12 12:32:59,-11.6622,-38.0172,81.54,67,79,6.91
396,Cidreira,BR,2022-06-12 12:32:59,-30.1811,-50.2056,48.4,64,4,20.45
397,San Joaquin,US,2022-06-12 12:32:59,37.9333,-121.3011,71.24,70,0,9.22
398,Sakakah,SA,2022-06-12 12:33:00,29.9697,40.2064,107.17,7,0,5.44
399,Hambantota,LK,2022-06-12 12:33:00,6.1241,81.1185,88.14,70,40,13.8
400,Harrismith,ZA,2022-06-12 12:33:00,-28.2728,29.1295,63.41,16,0,15.55
401,Netrakona,BD,2022-06-12 12:33:01,24.8833,90.7167,82.36,86,84,10.78
402,Sharjah,AE,2022-06-12 12:30:17,25.3573,55.4033,106.09,27,0,14.97
403,Necochea,AR,2022-06-12 12:30:04,-38.5473,-58.7368,46.67,47,7,7.16
404,Dongsheng,CN,2022-06-12 12:33:02,39.8161,109.9776,66.97,20,5,9.4
405,San Quintin,MX,2022-06-12 12:33:02,30.4833,-115.95,63.25,92,19,5.53
406,Kharp,RU,2022-06-12 12:33:02,66.8014,65.8081,48.67,74,75,16.82
407,Luderitz,NA,2022-06-12 12:33:03,-26.6481,15.1594,68.31,53,100,9.53
408,Saint Anthony,US,2022-06-12 12:33:03,45.0205,-93.218,65.21,84,100,12.66
409,Tadine,NC,2022-06-12 12:33:03,-21.55,167.8833,73.13,90,100,4.61
410,Bhum,IN,2022-06-12 12:33:04,18.4667,75.6667,86.23,51,99,11.9
411,Horsham,GB,2022-06-12 12:33:04,51.064,-0.3272,68.49,50,20,12.66
412,Green River,US,2022-06-12 12:33:04,41.5286,-109.4662,57.6,36,13,4.29
413,Lekoni,GA,2022-06-12 12:33:05,-1.5843,14.2591,92.46,31,94,0.29
414,Andenes,NO,2022-06-12 12:33:05,69.3143,16.1194,48.18,81,75,10.36
415,Sinnamary,GF,2022-06-12 12:33:05,5.3833,-52.95,81.68,77,42,6.67
416,Mayo,US,2022-06-12 12:34:06,38.8876,-76.5119,71.08,90,40,1.01
417,Hailey,US,2022-06-12 12:34:06,43.5196,-114.3153,53.46,68,100,10.36
418,Togur,RU,2022-06-12 12:34:06,58.3631,82.8265,71.87,57,93,6.08
419,Ardatov,RU,2022-06-12 12:34:07,55.2421,43.097,65.05,47,6,8.66
420,Stornoway,GB,2022-06-12 12:34:07,58.2093,-6.3865,55.36,70,40,19.57
421,Bratsk,RU,2022-06-12 12:30:59,56.1325,101.6142,75.69,44,100,5.97
422,Coos Bay,US,2022-06-12 12:30:52,43.3665,-124.2179,55.99,97,100,4.61
423,Ngunguru,NZ,2022-06-12 12:34:07,-35.6167,174.5,60.78,74,9,25.84
424,Rawson,AR,2022-06-12 12:34:08,-43.3002,-65.1023,53.92,31,100,8.3
425,Rocha,UY,2022-06-12 12:34:08,-34.4833,-54.3333,51.51,73,22,11.18
426,Sao Pedro,BR,2022-06-12 12:34:08,-22.5486,-47.9139,61.86,48,34,1.3
427,Sosnovo-Ozerskoye,RU,2022-06-12 12:34:09,52.5249,111.5418,54.97,68,12,3.85
428,Priargunsk,RU,2022-06-12 12:34:09,50.3691,119.1012,58.66,81,100,4.27
429,Cascais,PT,2022-06-12 12:34:09,38.6979,-9.4215,88.95,50,20,9.22
430,Paso De Los Toros,UY,2022-06-12 12:34:10,-32.8167,-56.5167,46.54,49,0,8.28
431,Port-Gentil,GA,2022-06-12 12:34:10,-0.7193,8.7815,82.36,78,75,8.05
432,Ambalavao,MG,2022-06-12 12:34:10,-21.8333,46.9333,60.91,77,72,8.01
433,Pidhorodna,UA,2022-06-12 12:34:11,48.107,30.8895,84.81,29,25,13.22
434,Fereydunshahr,IR,2022-06-12 12:34:11,32.941,50.121,78.82,10,4,2.71
435,Mount Gambier,AU,2022-06-12 12:31:38,-37.8333,140.7667,50.61,84,99,3.69
436,Sola,VU,2022-06-12 12:34:11,-13.8833,167.55,74.07,100,40,0.0
437,Havre-Saint-Pierre,CA,2022-06-12 12:34:12,50.2334,-63.5986,59.36,58,20,12.66
438,Pachino,IT,2022-06-12 12:34:12,36.7186,15.0907,75.54,59,0,10.85
439,Magadan,RU,2022-06-12 12:34:12,59.5667,150.8,42.53,93,100,3.2
440,Adre,TD,2022-06-12 12:34:13,13.4667,22.2,96.13,27,80,8.12
441,Hengyang,CN,2022-06-12 12:34:13,26.8881,112.615,71.1,96,97,2.53
442,Solok,ID,2022-06-12 12:34:13,-0.7918,100.6593,72.55,98,100,1.28
443,Namatanai,PG,2022-06-12 12:34:14,-3.6667,152.4333,79.34,80,31,7.9
444,Maniwaki,CA,2022-06-12 12:34:14,46.3834,-75.966,55.78,100,100,2.3
445,Gushikawa,JP,2022-06-12 12:34:14,26.3544,127.8686,78.8,96,40,3.44
446,Shingu,JP,2022-06-12 12:34:15,33.7333,135.9833,64.35,70,100,6.6
447,Saskylakh,RU,2022-06-12 12:34:15,71.9167,114.0833,67.05,33,76,10.83
448,Marsh Harbour,BS,2022-06-12 12:34:15,26.5412,-77.0636,81.48,77,100,13.53
449,Bekhtery,UA,2022-06-12 12:34:16,46.251,32.2927,86.43,27,30,17.09
450,Acaponeta,MX,2022-06-12 12:34:16,22.4964,-105.3594,77.23,77,33,1.74
451,West Bay,KY,2022-06-12 12:34:16,19.3667,-81.4167,83.07,82,20,10.36
452,Zaltan,LY,2022-06-12 12:34:16,32.947,11.8665,80.2,46,0,15.68
453,Povenets,RU,2022-06-12 12:34:17,62.8487,34.8262,59.52,78,97,8.68
454,Srednekolymsk,RU,2022-06-12 12:34:17,67.45,153.6833,54.57,38,17,8.77
455,Barcelos,PT,2022-06-12 12:34:17,41.5388,-8.6151,91.92,52,7,7.18
456,Morgan City,US,2022-06-12 12:32:57,29.6994,-91.2068,79.02,100,20,0.0
457,Krivodol,BG,2022-06-12 12:34:18,43.3744,23.4844,66.97,88,100,6.78
458,Kuala Terengganu,MY,2022-06-12 12:34:18,5.3302,103.1408,80.55,94,20,0.0
459,Vakhtan,RU,2022-06-12 12:34:18,57.9659,46.6889,64.35,42,6,7.05
460,Zharkent,KZ,2022-06-12 12:34:19,44.1628,80.0,84.79,34,63,10.56
461,Sangmelima,CM,2022-06-12 12:34:19,2.9333,11.9833,82.44,59,98,1.81
462,Sungairaya,ID,2022-06-12 12:35:19,0.7,108.9,79.29,84,100,6.91
463,Tias,ES,2022-06-12 12:35:20,28.9611,-13.645,74.88,61,75,14.97
464,Varkaus,FI,2022-06-12 12:35:20,62.3153,27.873,74.3,37,100,11.1
465,Xapuri,BR,2022-06-12 12:35:21,-10.6517,-68.5044,65.84,62,14,6.53
466,Ballyshannon,IE,2022-06-12 12:35:21,54.5,-8.1833,55.26,71,35,20.38
467,Xichang,CN,2022-06-12 12:35:21,27.8964,102.2634,67.64,83,100,2.64
468,Oktyabrskoye,RU,2022-06-12 12:35:21,43.0645,44.7417,80.74,26,4,13.42
469,Iskateley,RU,2022-06-12 12:35:22,67.6803,53.1512,57.13,35,0,8.97
470,Las Vegas,US,2022-06-12 12:34:09,36.175,-115.1372,87.24,20,0,14.97
471,Mattru,SL,2022-06-12 12:35:22,7.6244,-11.8332,86.36,65,99,4.25
472,La Macarena,CO,2022-06-12 12:35:23,2.1837,-73.7849,68.22,100,100,1.54
473,Tindwari,IN,2022-06-12 12:35:23,25.6167,80.5333,110.61,11,1,6.26
474,Uthal,PK,2022-06-12 12:35:23,25.8072,66.6219,89.13,59,18,14.23
475,Hofn,IS,2022-06-12 12:35:24,64.2539,-15.2082,59.02,63,75,16.11
476,Pecos,US,2022-06-12 12:32:36,31.4229,-103.4932,68.09,45,0,0.0
477,Kismayo,SO,2022-06-12 12:35:24,-0.3582,42.5454,81.64,70,53,16.55
478,Agadez,NE,2022-06-12 12:34:18,19.75,10.25,107.96,8,0,10.31
479,Rio Gallegos,AR,2022-06-12 12:35:25,-51.6226,-69.2181,37.45,87,0,3.44
480,Mangrol,IN,2022-06-12 12:35:25,21.1167,70.1167,84.06,74,90,14.18
481,Meulaboh,ID,2022-06-12 12:35:25,4.1363,96.1285,77.09,87,100,6.13
482,Kirakira,SB,2022-06-12 12:35:25,-10.4544,161.9205,78.51,79,12,4.81
483,Krasnyy Yar,RU,2022-06-12 12:35:26,46.5331,48.3456,87.73,21,57,6.42
484,Mitsamiouli,KM,2022-06-12 12:35:26,-11.3847,43.2844,79.72,70,56,9.62
485,Clyde River,CA,2022-06-12 12:35:26,70.4692,-68.5914,32.23,93,100,9.22
486,Mikhaylovka,RU,2022-06-12 12:35:27,50.06,43.2379,82.78,43,4,11.34
487,Nenjiang,CN,2022-06-12 12:35:27,49.1833,125.2167,60.66,93,100,8.16
488,Saint-Joseph,RE,2022-06-12 12:35:28,-21.3667,55.6167,75.58,79,47,16.55
489,Linguere,SN,2022-06-12 12:35:28,15.3953,-15.1193,91.62,52,0,6.91
490,Burgeo,CA,2022-06-12 12:35:28,47.6167,-57.6152,55.13,83,100,3.15
491,Katherine,AU,2022-06-12 12:35:29,-14.4667,132.2667,59.32,44,7,5.75
492,Taoudenni,ML,2022-06-12 12:35:29,22.6783,-3.9836,110.21,12,0,9.37
493,Wamba,NG,2022-06-12 12:35:29,8.9333,8.6,89.02,51,100,4.5
494,Fort Smith,US,2022-06-12 12:35:30,35.3859,-94.3986,79.34,92,0,4.61
495,Razole,IN,2022-06-12 12:35:30,16.4833,81.8333,87.21,63,66,9.78
496,Idanre,NG,2022-06-12 12:35:30,7.1127,5.1159,88.7,47,64,2.77
497,Kargasok,RU,2022-06-12 12:35:30,59.0556,80.8572,68.23,65,82,12.55
498,Ust-Kuyga,RU,2022-06-12 12:35:31,70.0167,135.6,62.83,40,0,12.44
499,Sunbury,AU,2022-06-12 12:31:26,-37.5833,144.7333,48.9,91,91,4.0
500,Hamilton,US,2022-06-12 12:30:53,39.1834,-84.5333,70.11,95,75,52.99
501,Mehamn,NO,2022-06-12 12:35:31,71.0357,27.8492,48.11,88,100,26.66
502,Eyl,SO,2022-06-12 12:35:32,7.9803,49.8164,94.17,40,100,26.13
503,Chapais,CA,2022-06-12 12:32:45,49.7834,-74.8492,56.98,89,100,7.16
504,Bilibino,RU,2022-06-12 12:35:32,68.0546,166.4372,50.05,45,51,6.46
505,Solnechnyy,RU,2022-06-12 12:35:32,50.7214,136.6319,59.2,77,100,3.22
506,Ibotirama,BR,2022-06-12 12:32:01,-12.1853,-43.2206,88.12,30,100,0.92
507,Lac Du Bonnet,CA,2022-06-12 12:36:33,50.2536,-96.0612,52.7,90,100,8.55
508,Bandarbeyla,SO,2022-06-12 12:36:33,9.4942,50.8122,94.42,43,100,23.04
509,Novyy Urengoy,RU,2022-06-12 12:36:33,66.0833,76.6333,69.51,54,100,13.51
510,Malangali,TZ,2022-06-12 12:36:34,-8.5667,34.85,72.03,48,3,10.31
511,Ginir,ET,2022-06-12 12:36:34,7.1333,40.7,73.72,47,87,11.99
512,Port Augusta,AU,2022-06-12 12:36:34,-32.5,137.7667,50.16,81,100,6.49
513,Skrunda,LV,2022-06-12 12:36:34,56.6833,22.0167,69.73,50,100,11.61
514,Portland,US,2022-06-12 12:33:41,45.5234,-122.6762,54.61,91,100,1.01
515,Isangel,VU,2022-06-12 12:36:35,-19.55,169.2667,73.51,94,100,3.44
516,Zambezi,ZM,2022-06-12 12:36:35,-13.5432,23.1047,80.1,26,9,4.65
517,Mamallapuram,IN,2022-06-12 12:36:36,12.6264,80.1722,93.25,70,66,14.34
518,Nichinan,JP,2022-06-12 12:36:36,31.6,131.3667,71.28,83,100,1.54
519,Huambo,AO,2022-06-12 12:36:36,-12.7761,15.7392,75.7,23,2,2.37
520,Malanje,AO,2022-06-12 12:36:37,-9.5402,16.341,85.48,19,20,0.76
521,Puerto Baquerizo Moreno,EC,2022-06-12 12:36:37,-0.9,-89.6,70.81,83,88,10.38
522,Moron,AR,2022-06-12 12:36:37,-34.6534,-58.6198,49.96,61,0,0.67
523,Hope,US,2022-06-12 12:35:30,33.6671,-93.5916,78.85,80,100,7.7
524,Erzin,TR,2022-06-12 12:36:38,36.9559,36.2,78.62,56,0,13.15
525,Byron Bay,AU,2022-06-12 12:35:13,-28.65,153.6167,54.82,63,100,8.16
526,Gamba,GA,2022-06-12 12:36:38,-2.65,10.0,81.43,71,44,11.23
527,Changde,CN,2022-06-12 12:36:38,29.0464,111.6783,66.72,97,100,2.48
528,Pochutla,MX,2022-06-12 12:36:39,15.7432,-96.4661,73.22,85,73,3.18
529,Smithers,CA,2022-06-12 12:34:05,54.7804,-127.1743,37.72,93,75,0.0
530,Pithoro,PK,2022-06-12 12:36:39,25.5167,69.3833,102.04,26,0,21.23
531,Los Llanos De Aridane,ES,2022-06-12 12:36:39,28.6585,-17.9182,72.12,83,75,8.05
532,Ambulu,ID,2022-06-12 12:36:40,-8.345,113.6058,77.41,89,99,3.65
533,Kyra,RU,2022-06-12 12:36:40,49.5776,111.9753,54.64,90,100,7.2
534,Oksfjord,NO,2022-06-12 12:36:40,70.2396,22.3479,50.07,86,100,10.8
535,Porto Santo,PT,2022-06-12 12:36:41,33.072,-16.3415,70.18,68,40,12.66
536,Berbera,SO,2022-06-12 12:36:41,10.4396,45.0143,96.48,47,59,13.47
537,Banamba,ML,2022-06-12 12:36:41,13.55,-7.45,100.0,25,24,5.95
538,Maceio,BR,2022-06-12 12:32:23,-9.6658,-35.7353,80.04,78,20,5.75
539,Nizhniy Baskunchak,RU,2022-06-12 12:36:42,48.2198,46.8311,86.31,28,89,15.12
540,Athabasca,CA,2022-06-12 12:32:32,54.7169,-113.2854,48.61,86,22,4.47
541,Panguna,PG,2022-06-12 12:36:42,-6.3164,155.4848,66.72,93,62,2.26
542,Zadar,HR,2022-06-12 12:36:42,44.1197,15.2422,84.81,24,0,5.75
543,Vyartsilya,RU,2022-06-12 12:36:43,62.1764,30.693,66.61,56,100,8.39
544,Ystad,SE,2022-06-12 12:36:43,55.4297,13.8204,68.74,73,42,15.19
545,Llangefni,GB,2022-06-12 12:36:43,53.2556,-4.3106,63.66,67,20,19.57
546,Ventersburg,ZA,2022-06-12 12:36:44,-28.0856,27.1381,61.48,28,1,7.29
547,Coihaique,CL,2022-06-12 12:36:44,-45.5752,-72.0662,32.61,93,75,4.61
548,Tuatapere,NZ,2022-06-12 12:36:44,-46.1333,167.6833,36.01,91,11,2.28
549,Tigre,AR,2022-06-12 12:36:44,-34.426,-58.5796,50.22,72,0,1.14
550,Balagansk,RU,2022-06-12 12:36:45,54.0103,103.0544,66.74,47,89,4.27
551,Karratha,AU,2022-06-12 12:36:45,-20.7377,116.8463,76.26,61,90,5.73
552,Abdulino,RU,2022-06-12 12:36:45,53.7,53.6667,52.7,74,100,10.6
553,Hima,UG,2022-06-12 12:36:46,0.2958,30.1804,80.31,56,99,2.17
554,Guider,CM,2022-06-12 12:36:46,9.9342,13.9486,90.93,44,96,11.1
555,Savannah Bight,HN,2022-06-12 12:37:46,16.45,-85.85,79.99,81,71,15.99
556,Tahe,CN,2022-06-12 12:37:47,52.3333,124.7333,59.31,83,100,5.26
557,Lorengau,PG,2022-06-12 12:37:47,-2.0226,147.2712,81.88,75,90,8.32
558,Praia Da Vitoria,PT,2022-06-12 12:37:47,38.7333,-27.0667,66.76,77,40,20.22
559,Comodoro Rivadavia,AR,2022-06-12 12:37:48,-45.8667,-67.5,48.06,43,100,3.44
560,Faratsiho,MG,2022-06-12 12:37:48,-19.4,46.95,59.29,62,83,9.46
561,Katsuura,JP,2022-06-12 12:37:48,35.1333,140.3,65.52,89,11,5.77
562,Bangangte,CM,2022-06-12 12:37:49,5.1409,10.5198,72.09,76,100,1.74
563,Tazovskiy,RU,2022-06-12 12:37:49,67.4667,78.7,63.86,53,100,17.63
564,Itarema,BR,2022-06-12 12:37:49,-2.9248,-39.9167,81.86,74,100,9.44
565,Dzhebariki-Khaya,RU,2022-06-12 12:37:50,62.2167,135.8,58.57,74,100,9.35
566,Suixi,CN,2022-06-12 12:37:50,33.8907,116.7747,77.13,59,95,9.37
567,Bol,TD,2022-06-12 12:37:50,13.4586,14.7147,84.45,67,34,9.64
568,Pahrump,US,2022-06-12 12:37:51,36.2083,-115.9839,79.25,24,0,8.99
569,Waitati,NZ,2022-06-12 12:37:51,-45.75,170.5667,46.8,50,90,3.56
570,Kamaishi,JP,2022-06-12 12:37:51,39.2667,141.8833,56.16,92,0,6.4
571,Sabha,LY,2022-06-12 12:37:52,27.0377,14.4283,94.41,17,0,10.29
572,Mogadishu,SO,2022-06-12 12:37:52,2.0371,45.3438,85.87,70,40,20.71
573,Havoysund,NO,2022-06-12 12:37:52,70.9963,24.6622,48.43,95,100,32.79
574,Buala,SB,2022-06-12 12:37:53,-8.145,159.5921,79.52,76,97,6.67
575,Troitskoye,RU,2022-06-12 12:37:53,52.9821,84.6757,72.81,78,29,7.16
576,Saint-Louis,SN,2022-06-12 12:37:53,16.3333,-15.0,89.24,23,100,6.33
577,Durban,ZA,2022-06-12 12:37:54,-29.8579,31.0292,74.32,64,4,1.99
578,Margate,GB,2022-06-12 12:35:47,51.3813,1.3862,68.7,61,100,1.99
