CityID,City,Country,Lat,Lng,Max Temp,Humidity,Cloudiness,Wind Speed,Current Description,Feels like temp,Date
0,Buchanan,LR,5.8808,-10.0467,80.35,79,99,11.23,light rain,84.83,2022-06-15 10:56:17
1,East London,ZA,-33.0153,27.9116,61.74,44,0,31.07,clear sky,59.68,2022-06-15 10:50:51
2,Sao Filipe,CV,14.8961,-24.4956,74.35,82,94,8.21,overcast clouds,75.34,2022-06-15 10:49:34
3,Vaini,TO,-21.2,-175.2,71.76,94,75,4.61,broken clouds,73.06,2022-06-15 10:49:36
4,Albany,US,42.6001,-73.9662,61.3,87,17,2.53,few clouds,57.76,2022-06-15 10:46:39
5,Chuy,UY,-33.6971,-53.4616,47.84,90,2,3.02,clear sky,47.21,2022-06-15 10:51:09
6,Castro,BR,-24.7911,-50.0119,47.07,92,95,2.35,overcast clouds,47.07,2022-06-15 10:53:10
7,Grindavik,IS,63.8424,-22.4338,51.75,76,75,17.27,broken clouds,48.79,2022-06-15 10:52:07
8,Hobart,AU,-42.8794,147.3294,47.26,96,75,5.75,moderate rain,44.28,2022-06-15 10:45:02
9,Punta Arenas,CL,-53.15,-70.9167,41.11,75,0,10.36,clear sky,34.86,2022-06-15 10:50:50
10,Nanortalik,GL,60.1432,-45.2371,39.25,85,100,6.33,overcast clouds,34.65,2022-06-15 10:49:40
11,Hermanus,ZA,-34.4187,19.2345,57.79,55,28,4.43,scattered clouds,55.85,2022-06-15 10:49:39
12,Salalah,OM,17.0151,54.0924,87.6,66,55,13.27,broken clouds,97.11,2022-06-15 10:50:53
13,Bitung,ID,1.4451,125.1824,79.65,82,78,7.07,broken clouds,79.65,2022-06-15 10:57:47
14,Beringovskiy,RU,63.05,179.3167,37.62,91,90,5.5,overcast clouds,33.28,2022-06-15 10:57:47
15,Esmeralda,CU,21.8525,-78.1169,74.64,85,1,5.68,clear sky,75.79,2022-06-15 10:57:47
16,Surt,LY,31.2089,16.5887,79.3,53,0,10.56,clear sky,79.3,2022-06-15 10:55:06
17,Port Hedland,AU,-20.3167,118.5667,73.45,68,25,8.05,scattered clouds,73.69,2022-06-15 10:57:48
18,Madera,US,37.1666,-119.8343,69.24,33,0,3.8,clear sky,62.29,2022-06-15 10:57:48
19,Kavaratti,IN,10.5669,72.642,83.35,75,100,22.08,light rain,90.61,2022-06-15 10:57:49
20,Bethel,US,41.3712,-73.414,67.66,93,35,3.91,scattered clouds,61.23,2022-06-15 10:54:30
21,Goderich,CA,43.7501,-81.7165,71.92,53,23,10.36,few clouds,71.31,2022-06-15 10:57:49
22,Presidencia Roque Saenz Pena,AR,-26.7852,-60.4388,47.34,91,0,5.84,clear sky,44.58,2022-06-15 10:57:49
23,Vilyuysk,RU,63.7553,121.6247,67.69,57,97,9.57,overcast clouds,66.85,2022-06-15 10:57:50
24,Ushuaia,AR,-54.8,-68.3,40.66,70,75,8.05,broken clouds,35.37,2022-06-15 10:49:10
25,Isiro,CD,2.7739,27.616,90.01,38,100,2.93,overcast clouds,90.05,2022-06-15 10:57:50
26,Iqaluit,CA,63.7506,-68.5145,40.73,93,75,2.3,broken clouds,40.69,2022-06-15 10:50:51
27,Semme,FR,46.1963,1.5007,82.81,31,5,9.35,clear sky,81.16,2022-06-15 10:57:51
28,Souillac,MU,-20.5167,57.5167,73.78,88,75,10.36,light rain,74.98,2022-06-15 10:54:25
29,Deputatskiy,RU,69.3,139.9,62.98,34,38,12.26,scattered clouds,60.57,2022-06-15 10:57:51
30,Chokurdakh,RU,70.6333,147.9167,70.11,27,59,15.48,broken clouds,68.09,2022-06-15 10:57:51
31,Saint-Philippe,RE,-21.3585,55.7679,78.39,77,34,14.45,light rain,79.54,2022-06-15 10:49:38
32,Kapaa,US,22.0752,-159.319,78.78,97,75,11.5,broken clouds,74.5,2022-06-15 10:50:48
33,Labytnangi,RU,66.6572,66.4183,71.87,30,31,14.07,scattered clouds,70.16,2022-06-15 10:57:52
34,Guasdualito,VE,7.2424,-70.7324,68.47,89,100,2.21,overcast clouds,69.21,2022-06-15 10:57:52
35,San Patricio,US,28.017,-97.5169,83.84,83,100,12.17,overcast clouds,86.43,2022-06-15 10:57:52
36,Rikitea,PF,-23.1203,-134.9692,72.95,69,20,6.17,few clouds,73.18,2022-06-15 10:49:29
37,Carnarvon,AU,-24.8667,113.6333,68.83,89,100,6.91,overcast clouds,69.6,2022-06-15 10:50:47
38,Aksu,CN,41.1231,80.2644,97.41,7,31,3.24,scattered clouds,92.16,2022-06-15 10:53:19
39,Longyearbyen,SJ,78.2186,15.6401,40.84,70,75,13.8,broken clouds,33.28,2022-06-15 10:57:08
40,Cape Town,ZA,-33.9258,18.4232,62.38,66,20,3.44,few clouds,58.32,2022-06-15 10:49:39
41,Bluff,NZ,-46.6,168.3333,43.81,72,100,19.51,overcast clouds,35.58,2022-06-15 10:49:38
42,Bud,US,39.447,-86.1758,77.05,91,0,5.7,clear sky,76.14,2022-06-15 10:57:53
43,Barrow,US,71.2906,-156.7887,33.82,86,75,9.22,broken clouds,26.38,2022-06-15 10:49:40
44,Muros,ES,42.7762,-9.0603,67.8,85,82,9.69,light rain,68.27,2022-06-15 10:52:02
45,Vila Franca Do Campo,PT,37.7167,-25.4333,70.2,79,59,6.42,broken clouds,70.63,2022-06-15 10:47:30
46,Rawson,AR,-43.3002,-65.1023,44.37,81,17,4.21,few clouds,42.19,2022-06-15 10:53:13
47,Orlik,RU,52.5178,99.825,68.7,55,80,5.66,light rain,67.86,2022-06-15 10:58:54
48,Vila Velha,BR,-20.3297,-40.2925,63.95,82,40,4.61,scattered clouds,63.9,2022-06-15 10:49:42
49,Mar Del Plata,AR,-38.0023,-57.5575,43.95,91,100,5.75,fog,40.62,2022-06-15 10:49:35
50,Araouane,ML,18.9048,-3.5265,107.69,6,9,12.97,clear sky,100.62,2022-06-15 10:58:55
51,Mataura,NZ,-46.1927,168.8643,43.48,93,96,6.4,overcast clouds,39.67,2022-06-15 10:49:42
52,Quechultenango,MX,17.4167,-99.2167,69.58,96,100,3.27,overcast clouds,70.75,2022-06-15 10:58:55
53,Sabang,ID,5.8933,95.3214,81.66,78,100,27.85,overcast clouds,87.51,2022-06-15 10:58:55
54,Yellowknife,CA,62.456,-114.3525,55.92,82,20,5.75,few clouds,55.08,2022-06-15 10:52:01
55,Rocha,UY,-34.4833,-54.3333,46.89,90,59,4.99,broken clouds,44.56,2022-06-15 10:49:40
56,Mbekenyera,TZ,-10.0,38.9833,91.27,31,0,1.48,clear sky,89.71,2022-06-15 10:58:56
57,Port Alfred,ZA,-33.5906,26.891,54.18,73,75,11.99,broken clouds,52.72,2022-06-15 10:51:58
58,Provideniya,RU,64.3833,-173.3,37.09,83,98,5.55,overcast clouds,32.63,2022-06-15 10:50:54
59,Avarua,CK,-21.2078,-159.775,75.25,83,75,6.91,light rain,76.39,2022-06-15 10:50:48
60,Haines Junction,CA,60.7522,-137.5108,48.15,66,94,5.75,overcast clouds,45.59,2022-06-15 10:58:57
61,Palmer,US,42.1584,-72.3287,63.9,86,2,5.1,clear sky,60.19,2022-06-15 10:53:17
62,New Norfolk,AU,-42.7826,147.0587,46.92,88,100,1.1,light rain,46.08,2022-06-15 10:52:02
63,Faanui,PF,-16.4833,-151.75,80.74,68,79,23.49,broken clouds,83.88,2022-06-15 10:58:57
64,Daru,PG,-9.0763,143.2092,79.23,89,59,15.17,broken clouds,79.23,2022-06-15 10:58:57
65,Hithadhoo,MV,-0.6,73.0833,82.81,71,37,5.46,scattered clouds,88.27,2022-06-15 10:49:34
66,Puerto Ayora,EC,-0.7393,-90.3518,70.56,93,85,5.99,overcast clouds,71.69,2022-06-15 10:49:35
67,Takoradi,GH,4.8845,-1.7554,80.35,77,100,13.0,light rain,84.52,2022-06-15 10:54:24
68,Camana,PE,-16.6228,-72.7111,60.85,84,97,7.45,overcast clouds,60.58,2022-06-15 10:58:58
69,Zhanaozen,KZ,43.3,52.8,94.33,18,83,13.62,broken clouds,90.39,2022-06-15 10:58:58
70,Mount Isa,AU,-20.7333,139.5,60.57,31,17,4.61,few clouds,57.78,2022-06-15 10:58:59
71,Pochutla,MX,15.7432,-96.4661,74.01,80,100,0.89,overcast clouds,74.88,2022-06-15 10:58:59
72,Busselton,AU,-33.65,115.3333,61.93,80,100,13.27,overcast clouds,61.59,2022-06-15 10:49:36
73,Ancud,CL,-41.8697,-73.8203,45.23,91,39,1.34,scattered clouds,45.23,2022-06-15 10:54:36
74,Port Lincoln,AU,-34.7333,135.8667,59.22,74,42,12.28,scattered clouds,58.32,2022-06-15 10:49:29
75,Lebu,CL,-37.6167,-73.65,50.14,91,45,5.35,scattered clouds,49.14,2022-06-15 10:59:00
76,Alofi,NU,-19.0595,-169.9187,75.09,88,73,6.91,broken clouds,76.44,2022-06-15 10:59:00
77,Nuuk,GL,64.1835,-51.7216,36.88,55,15,21.0,few clouds,26.13,2022-06-15 10:59:00
78,Menongue,AO,-14.6585,17.691,81.01,17,19,3.83,few clouds,79.09,2022-06-15 10:59:01
79,Ugoofaaru,MV,5.6667,73.0,83.46,74,61,15.12,broken clouds,90.55,2022-06-15 10:59:01
80,Klaksvik,FO,62.2266,-6.589,50.92,98,100,13.71,overcast clouds,50.32,2022-06-15 10:50:51
81,Tuatapere,NZ,-46.1333,167.6833,42.24,91,92,6.15,overcast clouds,38.34,2022-06-15 10:59:01
82,Hervey Bay,AU,-25.2986,152.8535,66.04,79,1,5.91,clear sky,66.06,2022-06-15 10:59:02
83,Sitka,US,57.0531,-135.33,46.29,81,20,0.0,few clouds,46.29,2022-06-15 10:47:37
84,Taltal,CL,-25.4,-70.4833,53.62,85,99,0.94,overcast clouds,52.68,2022-06-15 10:59:02
85,Bonavista,CA,48.6499,-53.1147,43.59,81,97,9.78,overcast clouds,38.19,2022-06-15 10:59:03
86,Kloulklubed,PW,7.0419,134.2556,83.73,77,66,13.42,broken clouds,92.19,2022-06-15 10:59:03
87,Jamestown,US,42.097,-79.2353,66.52,86,0,5.01,clear sky,63.59,2022-06-15 10:49:37
88,Lorengau,PG,-2.0226,147.2712,81.99,76,86,8.1,overcast clouds,87.78,2022-06-15 10:54:32
89,Hamilton,US,39.1834,-84.5333,78.84,93,0,3.44,mist,77.09,2022-06-15 10:47:42
90,Nalut,LY,30.3333,10.85,90.5,15,0,8.48,clear sky,86.41,2022-06-15 10:59:03
91,Batagay-Alyta,RU,67.8006,130.4114,58.14,66,88,15.01,light rain,56.75,2022-06-15 10:49:31
92,Alexandria,EG,31.2156,29.9553,80.56,58,0,11.48,clear sky,82.26,2022-06-15 11:00:02
93,Isangel,VU,-19.55,169.2667,76.51,85,72,13.62,broken clouds,77.86,2022-06-15 11:00:04
94,Northam,GB,51.0333,-4.2167,63.39,76,95,6.76,overcast clouds,60.94,2022-06-15 11:00:04
95,Port Hardy,CA,50.6996,-127.4199,48.38,93,75,2.3,broken clouds,48.38,2022-06-15 10:58:40
96,Butaritari,KI,3.0707,172.7902,82.33,70,90,10.58,overcast clouds,87.06,2022-06-15 10:50:54
97,Zinder,NE,13.8072,8.9881,98.47,26,65,4.85,broken clouds,97.83,2022-06-15 11:00:05
98,Khatanga,RU,71.9667,102.5,64.2,28,8,11.18,clear sky,61.65,2022-06-15 10:52:08
99,Ranau,MY,5.9538,116.6641,71.37,97,100,1.57,overcast clouds,72.77,2022-06-15 11:00:06
100,Ponta Do Sol,PT,32.6667,-17.1,72.23,80,41,14.56,scattered clouds,72.91,2022-06-15 10:54:35
101,Camacupa,AO,-12.0167,17.4833,81.45,17,2,2.21,clear sky,79.38,2022-06-15 11:00:22
102,Buala,SB,-8.145,159.5921,80.29,83,99,9.37,moderate rain,85.32,2022-06-15 11:00:41
103,Donegal,IE,54.65,-8.1167,59.05,79,100,6.06,overcast clouds,58.37,2022-06-15 10:56:38
104,Qasigiannguit,GL,68.8193,-51.1922,35.85,70,98,6.06,overcast clouds,30.78,2022-06-15 11:00:47
105,Gambissara,SN,13.2382,-14.3108,85.64,61,97,5.28,overcast clouds,90.77,2022-06-15 11:00:56
106,Xuzhou,CN,34.1805,117.1571,92.57,26,39,13.58,scattered clouds,90.03,2022-06-15 11:01:03
107,Guerrero Negro,MX,27.9769,-114.0611,60.53,93,0,9.13,clear sky,60.66,2022-06-15 11:01:05
108,Luderitz,NA,-26.6481,15.1594,66.4,36,0,15.48,clear sky,64.44,2022-06-15 10:59:39
109,Bredasdorp,ZA,-34.5322,20.0403,57.31,53,18,8.75,light rain,55.24,2022-06-15 11:01:08
110,Newala,TZ,-10.9431,39.2787,83.8,35,0,2.73,clear sky,82.4,2022-06-15 11:01:12
111,Concordia,AR,-31.393,-58.0209,49.46,95,40,4.76,scattered clouds,47.73,2022-06-15 11:00:02
112,Bengkulu,ID,-3.8004,102.2655,79.32,84,70,3.74,light rain,79.32,2022-06-15 11:01:13
113,Vestmannaeyjar,IS,63.4427,-20.2734,49.19,87,75,12.66,broken clouds,44.22,2022-06-15 10:52:04
114,Victoria,HK,22.2855,114.1577,84.38,87,100,10.0,heavy intensity rain,89.98,2022-06-15 10:51:59
115,Karpathos,GR,35.507,27.2132,80.56,61,20,27.63,few clouds,82.63,2022-06-15 11:01:13
116,Valparaiso,CL,-33.0393,-71.6273,51.48,82,4,6.22,clear sky,50.18,2022-06-15 11:01:14
117,Batagay,RU,67.6333,134.6333,68.86,30,89,9.73,overcast clouds,66.87,2022-06-15 10:53:21
118,Gat,IL,31.61,34.7642,87.4,30,0,14.85,clear sky,83.82,2022-06-15 10:50:03
119,Hovd,MN,48.0056,91.6419,84.85,14,61,10.87,broken clouds,81.75,2022-06-15 11:01:14
120,Anzio,IT,41.4853,12.6179,93.87,42,1,8.37,clear sky,83.95,2022-06-15 11:00:57
121,Coruripe,BR,-10.1256,-36.1756,76.06,85,94,16.17,overcast clouds,77.36,2022-06-15 10:59:35
122,Gravdal,NO,68.1214,13.5031,49.51,77,44,4.41,scattered clouds,48.02,2022-06-15 11:01:15
123,Kodiak,US,57.79,-152.4072,48.47,97,100,8.25,light rain,44.8,2022-06-15 10:53:22
124,San Quintin,MX,30.4833,-115.95,58.17,92,6,2.39,clear sky,58.01,2022-06-15 11:01:15
125,Severo-Kurilsk,RU,50.6789,156.125,47.23,91,97,7.94,overcast clouds,43.41,2022-06-15 10:53:12
126,Port Elizabeth,ZA,-33.918,25.5701,48.49,87,75,19.57,light intensity shower rain,41.7,2022-06-15 10:54:36
127,Nome,US,64.5011,-165.4064,42.17,90,100,11.27,overcast clouds,35.83,2022-06-15 11:01:16
128,Mahebourg,MU,-20.4081,57.7,77.25,88,75,10.36,broken clouds,74.89,2022-06-15 10:54:23
129,Mareeba,AU,-17.0,145.4333,68.72,90,77,2.86,broken clouds,68.11,2022-06-15 11:01:16
130,Katsuura,JP,35.1333,140.3,66.22,92,100,8.79,overcast clouds,66.87,2022-06-15 11:01:17
131,Ifakara,TZ,-8.1333,36.6833,87.84,43,21,2.64,few clouds,88.52,2022-06-15 11:01:17
132,Thompson,CA,55.7435,-97.8558,60.96,100,100,9.22,mist,61.47,2022-06-15 11:01:18
133,Tasiilaq,GL,65.6145,-37.6368,39.36,96,100,14.41,light rain,31.21,2022-06-15 11:01:18
134,Morehead,US,37.2711,-87.1764,74.79,97,0,0.0,clear sky,73.71,2022-06-15 11:01:18
135,Bamnet Narong,TH,15.4992,101.6897,88.75,55,95,5.61,light rain,94.44,2022-06-15 11:01:19
136,Vanimo,PG,-2.6741,141.3028,79.99,84,84,6.93,broken clouds,79.99,2022-06-15 10:53:13
137,Urumqi,CN,43.801,87.6005,86.95,27,20,11.18,few clouds,84.25,2022-06-15 11:01:19
138,Broken Hill,AU,-31.95,141.4333,56.44,69,43,11.12,scattered clouds,55.04,2022-06-15 11:02:20
139,Te Anau,NZ,-45.4167,167.7167,42.84,93,98,4.25,overcast clouds,40.39,2022-06-15 11:02:20
140,Lagoa,PT,39.05,-27.9833,64.74,83,98,13.67,overcast clouds,64.81,2022-06-15 11:02:20
141,Srednekolymsk,RU,67.45,153.6833,68.02,34,43,6.85,scattered clouds,66.11,2022-06-15 11:02:21
142,Sawakin,SD,19.1059,37.3321,93.65,43,25,12.86,scattered clouds,98.06,2022-06-15 11:02:21
143,Tecoanapa,MX,16.5167,-98.75,76.75,85,100,8.39,overcast clouds,78.12,2022-06-15 11:02:21
144,Qaanaaq,GL,77.484,-69.3632,26.65,73,76,3.62,broken clouds,22.37,2022-06-15 11:02:22
145,The Pas,CA,53.8251,-101.2541,51.82,93,100,4.61,overcast clouds,51.06,2022-06-15 11:02:22
146,Yar-Sale,RU,66.8333,70.8333,69.24,36,47,14.03,scattered clouds,67.55,2022-06-15 10:54:29
147,Xai-Xai,MZ,-25.0519,33.6442,80.46,45,73,9.15,broken clouds,80.71,2022-06-15 11:02:22
148,Riviere-Au-Renard,CA,48.9957,-64.3971,58.8,73,63,4.7,broken clouds,57.81,2022-06-15 11:02:23
149,Hilo,US,19.7297,-155.09,74.28,86,13,1.01,few clouds,69.94,2022-06-15 11:02:23
150,Baykit,RU,61.67,96.37,75.27,52,88,5.88,overcast clouds,74.95,2022-06-15 11:02:23
151,Nikolskoye,RU,59.7035,30.7861,61.79,81,76,8.16,broken clouds,59.72,2022-06-15 10:53:10
152,Cameron Park,US,38.6688,-120.9872,67.93,49,0,1.99,clear sky,58.03,2022-06-15 11:02:24
153,Erice,IT,38.037,12.5865,84.36,48,3,5.35,clear sky,85.17,2022-06-15 11:02:24
154,Atuona,PF,-9.8,-139.0333,77.95,70,34,22.95,scattered clouds,78.75,2022-06-15 11:02:24
155,Zhuhai,CN,22.2769,113.5678,83.98,78,40,5.75,heavy intensity rain,84.63,2022-06-15 11:02:25
156,Marawi,PH,7.9986,124.2928,70.84,90,44,1.54,scattered clouds,71.85,2022-06-15 11:02:25
157,Danville,US,36.586,-79.395,72.88,95,61,1.01,broken clouds,73.44,2022-06-15 11:01:59
158,San Andres,CO,12.5847,-81.7006,77.25,89,100,19.1,overcast clouds,78.85,2022-06-15 11:02:26
159,Norman Wells,CA,65.282,-126.8329,43.48,97,100,5.44,light rain,40.26,2022-06-15 11:02:26
160,Coquimbo,CL,-29.9533,-71.3436,51.19,83,21,1.19,few clouds,49.91,2022-06-15 11:02:26
161,Mackenzie,CA,55.2999,-123.1698,41.22,87,20,2.3,few clouds,41.22,2022-06-15 10:58:37
162,Geraldton,AU,-28.7667,114.6,63.01,82,100,5.75,overcast clouds,62.87,2022-06-15 10:54:32
163,Upata,VE,8.0086,-62.3989,71.19,95,53,0.89,broken clouds,72.46,2022-06-15 11:02:27
164,Taksimo,RU,56.3444,114.8794,70.79,47,97,3.36,overcast clouds,69.78,2022-06-15 11:02:27
165,Kilindoni,TZ,-7.9139,39.6668,79.66,67,3,9.93,clear sky,79.66,2022-06-15 11:02:27
166,Pevek,RU,69.7008,170.3133,31.78,80,1,1.77,clear sky,31.78,2022-06-15 11:02:28
167,Tocopilla,CL,-22.092,-70.1979,57.24,67,25,2.48,scattered clouds,55.81,2022-06-15 11:02:28
168,The Valley,AI,18.217,-63.0578,82.09,80,48,16.73,scattered clouds,85.21,2022-06-15 10:57:41
169,Ketchikan,US,55.3422,-131.6461,47.98,89,24,2.66,few clouds,47.98,2022-06-15 11:02:28
170,Port Macquarie,AU,-31.4333,152.9167,50.9,93,0,0.0,clear sky,46.29,2022-06-15 11:02:29
171,Linxia,CN,35.6003,103.2064,75.51,32,29,11.05,scattered clouds,74.26,2022-06-15 11:02:29
172,Markova,UA,48.6758,24.4138,63.25,50,77,5.3,broken clouds,61.63,2022-06-15 11:02:29
173,Tuktoyaktuk,CA,69.4541,-133.0374,34.59,79,43,8.97,scattered clouds,27.46,2022-06-15 10:53:11
174,Lompoc,US,34.6391,-120.4579,63.79,68,0,4.63,clear sky,48.06,2022-06-15 10:58:40
175,Georgetown,MY,5.4112,100.3354,85.95,83,20,5.99,few clouds,93.11,2022-06-15 10:58:08
176,Winnemucca,US,40.973,-117.7357,46.45,42,0,10.36,clear sky,41.5,2022-06-15 11:02:30
177,Grand-Lahou,CI,5.1367,-5.0242,80.31,77,100,12.15,light rain,84.45,2022-06-15 11:02:30
178,Aklavik,CA,68.2191,-135.0107,44.4,62,10,6.35,clear sky,40.8,2022-06-15 11:02:31
179,Ilulissat,GL,69.2167,-51.1,35.62,60,75,12.66,broken clouds,27.07,2022-06-15 11:02:31
180,Ullapool,GB,57.8987,-5.1604,60.35,79,100,8.52,overcast clouds,59.79,2022-06-15 11:02:31
181,Cap Malheureux,MU,-19.9842,57.6142,77.47,64,23,10.0,few clouds,77.92,2022-06-15 11:02:32
182,Bakchar,RU,57.0186,82.0711,65.68,63,87,11.86,light rain,64.9,2022-06-15 11:02:32
183,Nantucket,US,41.2835,-70.0995,64.51,89,0,18.88,clear sky,59.27,2022-06-15 11:00:58
184,Cabo San Lucas,MX,22.8909,-109.9124,77.61,55,5,10.29,clear sky,76.53,2022-06-15 11:00:00
185,Narsaq,GL,60.9167,-46.05,50.22,64,72,7.83,broken clouds,47.95,2022-06-15 11:02:32
186,Cidreira,BR,-30.1811,-50.2056,56.08,88,1,4.68,clear sky,55.53,2022-06-15 11:03:33
187,Tromso,NO,69.6496,18.957,50.02,76,75,12.66,broken clouds,48.29,2022-06-15 11:03:33
188,Sorland,NO,67.667,12.6934,49.86,81,100,2.51,overcast clouds,49.86,2022-06-15 11:03:33
189,Poya,NC,-21.35,165.15,73.26,88,3,5.39,clear sky,74.43,2022-06-15 11:03:34
190,Pangnirtung,CA,66.1451,-65.7125,36.95,90,100,1.19,overcast clouds,36.95,2022-06-15 11:03:34
191,Karratha,AU,-20.7377,116.8463,75.83,63,14,7.2,few clouds,76.08,2022-06-15 11:03:34
192,Cherskiy,RU,68.75,161.3,56.88,38,0,9.91,clear sky,54.05,2022-06-15 11:03:35
193,Teguise,ES,29.0605,-13.564,73.62,53,20,13.8,few clouds,73.17,2022-06-15 11:03:35
194,Padilla,CO,3.2204,-76.3139,67.57,88,68,3.24,broken clouds,68.16,2022-06-15 11:03:35
195,Esperance,AU,-33.8667,121.9,58.77,58,0,9.75,clear sky,57.07,2022-06-15 11:03:35
196,Coahuayana,MX,18.7333,-103.6833,78.85,85,96,2.1,overcast clouds,78.85,2022-06-15 11:03:36
197,Grandview,US,38.8858,-94.533,79.61,78,0,19.57,clear sky,78.42,2022-06-15 11:03:36
198,Ostrovnoy,RU,68.0531,39.5131,61.41,56,100,11.14,overcast clouds,59.88,2022-06-15 11:03:36
199,Maceio,BR,-9.6658,-35.7353,72.84,94,100,4.61,light rain,74.25,2022-06-15 11:03:37
200,Irmo,US,34.086,-81.1832,75.9,66,75,0.0,mist,73.13,2022-06-15 11:03:37
201,Lufilufi,WS,-13.8745,-171.5986,81.95,78,16,18.41,few clouds,88.18,2022-06-15 11:03:37
202,Olinda,BR,-8.0089,-34.8553,76.73,88,40,0.0,scattered clouds,78.24,2022-06-15 11:03:24
203,Torbay,CA,47.6666,-52.7314,48.27,72,100,7.0,overcast clouds,42.33,2022-06-15 11:03:38
204,Nabire,ID,-3.3667,135.4833,76.66,90,89,2.51,overcast clouds,78.26,2022-06-15 11:03:38
205,Atar,MR,20.5169,-13.0499,98.87,26,68,6.46,broken clouds,98.42,2022-06-15 11:03:38
206,Saravan,AM,39.7196,45.6483,71.42,40,46,6.31,scattered clouds,70.14,2022-06-15 11:03:39
207,Jacareacanga,BR,-6.2222,-57.7528,70.77,99,50,1.66,scattered clouds,72.19,2022-06-15 11:03:39
208,Cabra,ES,37.4725,-4.4421,93.22,19,90,5.39,overcast clouds,89.38,2022-06-15 11:03:40
209,Avera,US,33.194,-82.5271,73.45,83,5,5.06,clear sky,72.43,2022-06-15 11:03:40
210,Pekan,MY,3.4836,103.3996,78.87,86,100,3.69,overcast clouds,78.87,2022-06-15 11:03:40
211,Qaqortoq,GL,60.7167,-46.0333,40.78,77,86,8.57,overcast clouds,35.26,2022-06-15 11:03:41
212,Altar,MX,30.7,-111.8167,77.45,11,0,3.33,clear sky,75.42,2022-06-15 11:03:41
213,Asau,RO,46.4333,26.4,70.72,72,88,2.51,overcast clouds,70.88,2022-06-15 11:03:41
214,Takapau,NZ,-40.0333,176.35,51.73,72,7,15.48,clear sky,49.98,2022-06-15 11:03:41
215,Saskylakh,RU,71.9167,114.0833,55.8,34,8,10.16,clear sky,52.68,2022-06-15 11:03:42
216,Porbandar,IN,21.6422,69.6093,89.46,65,20,15.21,few clouds,101.21,2022-06-15 11:03:42
217,Anadyr,RU,64.75,177.4833,37.0,86,91,15.01,overcast clouds,28.0,2022-06-15 11:03:42
218,Mweka,CD,-4.85,21.5667,89.83,40,96,1.52,overcast clouds,90.45,2022-06-15 11:03:43
219,Adrar,MR,20.5022,-10.0711,101.43,18,29,14.67,scattered clouds,98.51,2022-06-15 11:03:43
220,Sovetskiy,RU,61.3614,63.5842,72.9,35,89,8.16,overcast clouds,71.53,2022-06-15 11:03:43
221,Manicore,BR,-5.8092,-61.3003,69.96,99,61,0.69,broken clouds,71.31,2022-06-15 11:03:44
222,Tura,IN,25.5198,90.2201,77.09,94,100,7.56,overcast clouds,78.93,2022-06-15 11:03:44
223,Belmonte,BR,-15.8631,-38.8828,71.94,67,88,9.51,overcast clouds,71.98,2022-06-15 11:03:44
224,Constitucion,CL,-35.3333,-72.4167,49.59,87,18,4.21,few clouds,48.25,2022-06-15 11:03:45
225,Kaitangata,NZ,-46.2817,169.8464,44.42,89,95,10.29,light rain,39.0,2022-06-15 11:03:45
226,Yazykovo,RU,55.2199,56.1353,73.38,59,43,7.09,scattered clouds,73.2,2022-06-15 11:03:45
227,Sibiti,CG,-3.6819,13.3499,84.04,43,7,4.43,clear sky,83.82,2022-06-15 11:03:46
228,Kutum,SD,14.2,24.6667,94.03,13,81,20.42,broken clouds,89.51,2022-06-15 11:03:46
229,Namibe,AO,-15.1961,12.1522,75.6,46,0,8.23,clear sky,75.02,2022-06-15 11:03:46
230,Resistencia,AR,-27.4606,-58.9839,54.1,94,0,5.75,clear sky,49.55,2022-06-15 11:03:47
231,Kizilskoye,RU,52.7255,58.8937,75.06,40,16,5.93,few clouds,74.14,2022-06-15 11:03:47
232,Tulum,MX,20.2167,-87.4667,76.37,90,9,5.46,clear sky,77.94,2022-06-15 11:01:56
233,Sinnamary,GF,5.3833,-52.95,79.99,77,41,8.61,scattered clouds,79.99,2022-06-15 11:04:47
234,Ribeira Grande,PT,38.5167,-28.7,66.6,88,40,18.41,scattered clouds,67.1,2022-06-15 11:04:48
235,Mackay,AU,-21.15,149.2,61.68,80,13,7.54,few clouds,61.3,2022-06-15 11:04:48
236,Moree,AU,-29.4667,149.85,54.84,69,0,3.47,clear sky,53.28,2022-06-15 11:04:48
237,Bograd,RU,54.2344,90.8328,78.12,48,72,2.24,broken clouds,77.88,2022-06-15 11:04:49
238,Alice Springs,AU,-23.7,133.8833,53.15,54,19,5.75,few clouds,50.7,2022-06-15 11:04:49
239,Ati,TD,13.2154,18.3353,93.78,32,95,6.38,overcast clouds,93.38,2022-06-15 11:04:49
240,Lodja,CD,-3.4833,23.4333,97.38,31,31,1.9,scattered clouds,98.47,2022-06-15 11:04:49
241,Road Town,VG,18.4167,-64.6167,81.18,78,77,17.9,broken clouds,86.43,2022-06-15 11:02:50
242,Shakawe,BW,-18.3667,21.85,80.35,20,0,4.83,clear sky,78.8,2022-06-15 11:04:50
243,Mount Gambier,AU,-37.8333,140.7667,53.51,94,75,10.36,broken clouds,52.99,2022-06-15 11:04:50
244,Bac Lieu,VN,9.285,105.7244,84.34,71,100,6.53,overcast clouds,91.56,2022-06-15 11:04:51
245,Kaspiyskiy,RU,45.3929,47.3707,80.31,43,76,17.38,broken clouds,80.4,2022-06-15 11:04:51
246,Dikson,RU,73.5069,80.5464,39.15,69,74,7.96,broken clouds,33.57,2022-06-15 11:04:51
247,Rio Gallegos,AR,-51.6226,-69.2181,30.25,80,20,14.97,few clouds,19.36,2022-06-15 11:04:51
248,Fortuna,US,40.5982,-124.1573,51.93,93,100,0.0,overcast clouds,49.15,2022-06-15 11:03:21
249,Touros,BR,-5.1989,-35.4608,81.1,60,50,13.85,scattered clouds,83.19,2022-06-15 11:04:52
250,Portland,US,45.5234,-122.6762,52.2,86,0,3.0,clear sky,49.42,2022-06-15 11:01:17
251,Chicama,PE,-7.8447,-79.1469,55.94,89,38,3.6,scattered clouds,55.42,2022-06-15 11:04:52
252,Biograd Na Moru,HR,43.9433,15.4519,84.9,39,10,9.06,clear sky,84.04,2022-06-15 11:04:53
253,Burnie,AU,-41.0667,145.9167,53.38,92,100,11.7,light rain,52.75,2022-06-15 11:04:53
254,Monrovia,LR,6.3005,-10.7969,79.83,80,100,11.81,moderate rain,79.83,2022-06-15 11:04:53
255,Banswara,IN,23.55,74.45,100.18,32,17,11.25,few clouds,103.86,2022-06-15 11:04:54
256,Point Pleasant,US,40.0832,-74.0682,70.02,81,0,4.61,clear sky,65.93,2022-06-15 11:04:54
257,Naze,JP,28.3667,129.4833,71.37,92,100,6.69,overcast clouds,72.52,2022-06-15 11:04:54
258,Maragogi,BR,-9.0122,-35.2225,76.66,82,87,1.99,overcast clouds,77.88,2022-06-15 11:04:55
259,San Carlos,VE,9.6612,-68.5827,69.78,98,95,1.14,overcast clouds,71.06,2022-06-15 11:04:55
260,Salto,UY,-31.3833,-57.9667,42.96,100,38,9.22,fog,37.63,2022-06-15 11:03:20
261,Omsukchan,RU,62.5333,155.8,48.97,78,100,4.83,overcast clouds,47.12,2022-06-15 11:04:55
262,Les Cayes,HT,18.2,-73.75,76.93,81,95,2.51,overcast clouds,78.13,2022-06-15 11:04:56
263,Zhigansk,RU,66.7697,123.3711,66.0,49,100,10.89,overcast clouds,64.6,2022-06-15 11:04:56
264,Copiapo,CL,-27.3667,-70.3333,49.69,82,100,0.34,overcast clouds,49.69,2022-06-15 11:04:56
265,San Cristobal,VE,7.7669,-72.225,69.98,98,98,4.61,overcast clouds,71.28,2022-06-15 11:04:57
266,Bakel,SN,14.905,-12.4568,91.42,45,100,15.12,overcast clouds,94.93,2022-06-15 11:04:57
267,Lasa,IT,46.6166,10.7002,76.69,42,27,0.94,scattered clouds,75.69,2022-06-15 11:04:57
268,Kaffrine,SN,14.1059,-15.5508,86.41,57,34,9.73,scattered clouds,90.79,2022-06-15 11:04:58
269,Salinopolis,BR,-0.6136,-47.3561,80.98,73,43,12.26,scattered clouds,85.1,2022-06-15 11:04:58
270,Turan,VN,16.0678,108.2208,80.58,69,75,12.66,broken clouds,83.77,2022-06-15 11:04:58
271,Padang,ID,-0.9492,100.3543,77.05,77,94,1.48,overcast clouds,78.08,2022-06-15 11:04:59
272,Paamiut,GL,61.994,-49.6678,37.94,63,18,8.01,few clouds,32.07,2022-06-15 11:04:59
273,Meulaboh,ID,4.1363,96.1285,77.94,85,100,3.15,overcast clouds,79.43,2022-06-15 11:04:59
274,Bambous Virieux,MU,-20.3428,57.7575,77.22,67,42,15.68,scattered clouds,77.79,2022-06-15 11:05:00
275,Port Blair,IN,11.6667,92.75,86.04,74,40,10.36,scattered clouds,96.96,2022-06-15 11:05:00
276,Saint-Augustin,CA,51.226,-58.6502,56.01,57,0,1.54,clear sky,54.0,2022-06-15 11:05:00
277,Leningradskiy,RU,69.3833,178.4167,32.79,95,89,15.41,overcast clouds,22.46,2022-06-15 11:05:01
278,Ambanja,MG,-13.6833,48.45,84.04,58,2,7.29,clear sky,87.06,2022-06-15 11:06:01
279,Mustasaari,FI,63.1142,21.6822,64.35,52,20,13.8,few clouds,62.92,2022-06-15 11:06:01
280,Hasaki,JP,35.7333,140.8333,66.6,89,100,7.43,overcast clouds,67.14,2022-06-15 11:06:02
281,Caravelas,BR,-17.7125,-39.2481,73.8,55,93,6.44,overcast clouds,73.45,2022-06-15 11:06:02
282,Kaohsiung,TW,22.6163,120.3133,84.15,78,75,6.91,broken clouds,93.47,2022-06-15 11:06:03
283,Arraial Do Cabo,BR,-22.9661,-42.0278,66.06,82,75,4.61,broken clouds,66.22,2022-06-15 11:06:03
284,Lata,PT,40.1629,-8.3327,95.07,25,99,3.13,overcast clouds,92.84,2022-06-15 11:06:03
285,Parksville,CA,49.3163,-124.3195,54.72,86,100,4.7,overcast clouds,49.89,2022-06-15 11:06:04
286,Korla,CN,41.7597,86.1469,102.63,3,3,13.49,clear sky,96.06,2022-06-15 11:06:04
287,Emba,KZ,48.8264,58.1442,82.22,23,1,5.17,clear sky,80.17,2022-06-15 11:06:04
288,Ahipara,NZ,-35.1667,173.1667,58.15,66,63,9.04,broken clouds,56.77,2022-06-15 11:06:05
289,Mineros,BO,-17.1167,-63.2333,52.27,80,0,5.19,clear sky,50.95,2022-06-15 11:06:05
290,Neyshabur,IR,36.2133,58.7958,98.06,9,1,7.65,clear sky,92.86,2022-06-15 11:06:05
291,Hambantota,LK,6.1241,81.1185,88.14,70,40,12.66,scattered clouds,100.6,2022-06-15 11:06:06
292,Beian,NO,63.6559,9.5683,54.0,94,75,12.66,broken clouds,53.15,2022-06-15 11:06:06
293,Ulaangom,MN,49.9811,92.0667,82.9,27,71,10.54,broken clouds,80.91,2022-06-15 11:06:06
294,Shetpe,KZ,44.1667,52.1167,88.32,23,100,11.03,overcast clouds,85.08,2022-06-15 11:06:07
295,Coihaique,CL,-45.5752,-72.0662,37.35,87,40,6.91,scattered clouds,32.0,2022-06-15 11:05:54
296,Piranhas,BR,-16.4269,-51.8222,71.92,51,0,3.24,clear sky,71.22,2022-06-15 11:06:07
297,Kapoeta,SS,4.7717,33.5903,92.34,32,83,8.59,broken clouds,91.38,2022-06-15 11:06:07
298,Walvis Bay,NA,-22.9575,14.5053,66.09,36,1,6.06,clear sky,64.09,2022-06-15 11:06:08
299,Joensuu,FI,62.6012,29.7632,57.69,94,100,5.75,light intensity shower rain,57.58,2022-06-15 11:06:08
300,Flin Flon,CA,54.7682,-101.865,51.53,97,100,9.13,overcast clouds,50.94,2022-06-15 11:06:08
301,Bilibino,RU,68.0546,166.4372,50.11,51,5,6.38,clear sky,47.21,2022-06-15 11:06:09
302,Rabaul,PG,-4.1967,152.1721,80.37,78,73,4.88,broken clouds,84.7,2022-06-15 11:06:09
303,Khartoum,SD,15.5518,32.5324,104.02,24,39,4.09,scattered clouds,105.31,2022-06-15 11:02:35
304,Mbeya,TZ,-8.9,33.45,76.89,37,9,3.69,clear sky,76.03,2022-06-15 11:06:09
305,Kavieng,PG,-2.5744,150.7967,82.27,76,23,11.18,few clouds,88.41,2022-06-15 11:06:10
306,Betanzos,ES,43.2804,-8.2147,72.25,36,54,1.72,broken clouds,70.86,2022-06-15 11:03:24
307,Talnakh,RU,69.4865,88.3972,76.21,35,74,13.06,broken clouds,75.18,2022-06-15 11:06:10
308,Tabou,CI,4.423,-7.3528,77.14,88,100,7.45,moderate rain,78.69,2022-06-15 11:06:11
309,Vallenar,CL,-28.5708,-70.7581,47.34,81,100,1.28,overcast clouds,47.34,2022-06-15 11:03:04
310,Banda Aceh,ID,5.5577,95.3222,81.0,80,98,18.03,light rain,86.41,2022-06-15 11:06:11
311,Christchurch,NZ,-43.5333,172.6333,37.6,93,75,1.14,broken clouds,37.6,2022-06-15 11:06:11
312,Brae,GB,60.3964,-1.353,52.97,88,100,10.89,overcast clouds,52.11,2022-06-15 11:06:12
313,Sangre Grande,TT,10.5835,-61.1177,76.17,96,70,7.7,broken clouds,77.94,2022-06-15 11:06:12
314,Westport,US,41.1415,-73.3579,70.18,77,0,8.05,clear sky,65.05,2022-06-15 11:01:49
315,Hofn,IS,64.2539,-15.2082,55.42,62,75,5.75,broken clouds,53.58,2022-06-15 11:06:13
316,San Jeronimo,PE,-11.9472,-75.2829,38.71,88,6,0.85,clear sky,38.71,2022-06-15 11:06:13
317,Amapa,BR,1.0,-52.0,73.56,92,49,1.1,scattered clouds,74.95,2022-06-15 11:06:13
318,Effium,NG,6.6292,8.0593,86.18,62,35,5.61,light rain,92.19,2022-06-15 11:06:13
319,Kyaukse,MM,21.6,96.1333,92.52,47,99,14.09,overcast clouds,97.97,2022-06-15 11:06:14
320,Kushima,JP,31.4583,131.2333,72.25,90,100,5.46,overcast clouds,73.4,2022-06-15 11:06:14
321,Katete,UG,-0.7818,29.7544,83.86,36,29,6.82,scattered clouds,82.58,2022-06-15 11:06:14
322,Krasnoselkup,RU,65.7,82.4667,75.33,45,100,5.28,overcast clouds,74.68,2022-06-15 11:06:15
323,Saldanha,ZA,-33.0117,17.9442,57.7,56,9,3.94,clear sky,55.81,2022-06-15 11:06:15
324,Roma,US,43.2128,-75.4557,61.95,91,0,4.61,clear sky,59.02,2022-06-15 11:06:15
325,Camalu,MX,30.85,-116.0667,67.87,93,11,1.28,few clouds,68.74,2022-06-15 11:07:16
326,Vilhena,BR,-12.7406,-60.1458,64.69,83,9,1.45,clear sky,64.76,2022-06-15 11:07:16
327,Katobu,ID,-4.9408,122.5276,74.61,95,94,6.11,light rain,76.23,2022-06-15 11:07:16
328,Yoichi,JP,43.2039,140.7703,59.13,77,100,6.49,overcast clouds,58.35,2022-06-15 11:07:17
329,Carupano,VE,10.6678,-63.2585,75.51,87,24,4.12,few clouds,76.84,2022-06-15 11:07:17
330,Boyolangu,ID,-8.1181,111.8935,77.43,90,71,3.67,broken clouds,79.11,2022-06-15 11:07:17
331,Tingi,TZ,-11.3,35.0333,74.03,54,13,2.48,few clouds,73.67,2022-06-15 11:07:18
332,Hutchinson,US,38.0608,-97.9298,77.59,67,0,16.11,clear sky,77.47,2022-06-15 11:07:09
333,High Rock,BS,26.6208,-78.2833,78.82,75,88,6.8,overcast clouds,78.82,2022-06-15 11:07:18
334,Huadian,CN,42.9633,126.7478,61.25,95,100,5.84,light rain,61.54,2022-06-15 11:07:18
335,Skovorodino,RU,53.9833,123.9167,65.68,68,90,1.59,overcast clouds,65.14,2022-06-15 11:07:19
336,Coihueco,CL,-36.6167,-71.8333,47.14,100,75,0.0,broken clouds,47.14,2022-06-15 11:07:19
337,Rovaniemi,FI,66.5,25.7167,60.21,72,40,16.11,scattered clouds,59.31,2022-06-15 11:07:19
338,Strezhevoy,RU,60.7333,77.5889,60.13,86,100,8.19,overcast clouds,59.88,2022-06-15 11:07:20
339,Quzhou,CN,28.9594,118.8686,77.07,85,79,2.3,broken clouds,78.48,2022-06-15 11:07:20
340,Maniitsoq,GL,65.4167,-52.9,36.97,58,74,3.09,broken clouds,34.83,2022-06-15 11:07:20
341,Wukari,NG,7.85,9.7833,85.57,61,54,5.68,broken clouds,90.63,2022-06-15 11:07:20
342,Kasongo-Lunda,CD,-6.4667,16.8167,92.91,27,55,2.21,broken clouds,90.68,2022-06-15 11:07:21
343,Tiksi,RU,71.6872,128.8694,38.68,77,69,12.46,broken clouds,31.01,2022-06-15 11:07:21
344,Mezen,RU,65.8522,44.24,72.39,31,92,10.38,overcast clouds,70.79,2022-06-15 11:07:22
345,Saint George,US,37.1041,-113.5841,67.95,19,0,5.99,clear sky,63.72,2022-06-15 11:07:22
346,Channel-Port Aux Basques,CA,47.5702,-59.1367,53.37,66,100,7.52,overcast clouds,51.51,2022-06-15 11:07:22
347,Talcahuano,CL,-36.7167,-73.1167,49.68,100,100,3.44,overcast clouds,48.92,2022-06-15 11:07:23
348,Ukiah,US,39.1502,-123.2078,62.65,84,0,0.0,clear sky,50.27,2022-06-15 11:05:02
349,Norsup,VU,-16.0667,167.3833,79.45,82,44,12.48,scattered clouds,79.45,2022-06-15 11:07:23
350,Burns Lake,CA,54.2331,-125.7533,40.32,93,1,3.65,clear sky,38.03,2022-06-15 11:07:23
351,Muli,MV,2.9167,73.5667,83.93,71,40,12.57,scattered clouds,90.64,2022-06-15 11:07:23
352,Muroran,JP,42.3172,140.9881,55.45,96,100,15.97,overcast clouds,55.22,2022-06-15 11:07:24
353,Labuhan,ID,-6.8844,112.2051,81.36,83,76,10.02,broken clouds,87.91,2022-06-15 11:07:24
354,Kalmunai,LK,7.4167,81.8167,85.19,70,100,15.9,light rain,93.15,2022-06-15 11:07:24
355,Sandpoint,US,48.2766,-116.5533,49.44,94,100,3.44,overcast clouds,46.33,2022-06-15 11:05:34
356,Barkot,IN,30.8167,78.2,89.56,33,14,10.56,few clouds,88.09,2022-06-15 11:07:25
357,Pitkyaranta,RU,61.5734,31.4792,54.81,76,73,5.91,broken clouds,53.56,2022-06-15 11:07:25
358,Mildura,AU,-34.2,142.15,55.08,92,72,11.74,broken clouds,54.61,2022-06-15 11:07:25
359,Itupiranga,BR,-5.1347,-49.3267,77.32,94,84,3.42,broken clouds,79.18,2022-06-15 11:07:26
360,Kholodnyy,RU,62.7167,147.95,50.7,68,40,6.62,scattered clouds,48.67,2022-06-15 11:07:26
361,Abay,KZ,49.6311,72.8539,71.98,44,43,15.3,scattered clouds,70.95,2022-06-15 11:07:26
362,Tomatlan,MX,19.9333,-105.25,78.19,77,99,0.51,overcast clouds,79.32,2022-06-15 11:07:27
363,Yulara,AU,-25.2406,130.9889,64.44,40,49,6.44,scattered clouds,62.46,2022-06-15 11:07:27
364,Moose Factory,CA,51.2585,-80.6094,66.09,59,97,8.48,overcast clouds,65.17,2022-06-15 11:07:27
365,San Borja,BO,-14.8167,-66.85,55.89,92,6,1.97,clear sky,55.49,2022-06-15 11:07:28
366,Cockburn Town,TC,21.4612,-71.1419,81.03,75,2,17.78,clear sky,85.57,2022-06-15 11:07:28
367,Kesova Gora,RU,57.5836,37.2922,57.49,78,95,17.96,overcast clouds,56.61,2022-06-15 11:07:28
368,Peniche,PT,39.3558,-9.3811,75.29,75,96,7.14,overcast clouds,72.77,2022-06-15 11:07:29
369,Hobyo,SO,5.3505,48.5268,85.64,62,50,28.14,scattered clouds,91.11,2022-06-15 11:07:29
370,Urubicha,BO,-15.3833,-62.95,58.91,79,0,1.99,clear sky,58.21,2022-06-15 11:07:29
371,Lazaro Cardenas,MX,17.9583,-102.2,78.31,81,100,5.41,overcast clouds,79.65,2022-06-15 11:08:30
372,Guanare,VE,9.0418,-69.7421,69.55,98,100,1.95,overcast clouds,70.81,2022-06-15 11:08:30
373,Moyale,KE,3.5167,39.0584,80.35,44,81,11.7,broken clouds,80.53,2022-06-15 11:08:30
374,Pilane,BW,-24.45,26.1333,64.38,20,0,9.84,clear sky,61.47,2022-06-15 11:08:31
375,Sisimiut,GL,66.9395,-53.6735,36.43,59,97,8.12,overcast clouds,30.16,2022-06-15 11:08:31
376,Huayang,CN,34.4155,109.9939,79.86,25,17,1.74,few clouds,79.86,2022-06-15 11:08:31
377,Taoudenni,ML,22.6783,-3.9836,104.86,7,0,4.72,clear sky,98.53,2022-06-15 11:08:32
378,Inuvik,CA,68.3499,-133.7218,43.56,62,49,9.46,scattered clouds,38.26,2022-06-15 11:08:32
379,Mantes-La-Ville,FR,48.9737,1.7025,82.65,44,7,6.96,clear sky,80.56,2022-06-15 11:08:32
380,Marsh Harbour,BS,26.5412,-77.0636,79.57,77,80,5.48,broken clouds,79.57,2022-06-15 11:08:33
381,Port Shepstone,ZA,-30.7414,30.455,68.52,38,0,20.89,clear sky,66.87,2022-06-15 11:08:33
382,Jinji,CN,23.2281,110.8261,75.56,98,100,2.01,overcast clouds,77.41,2022-06-15 11:08:33
383,Roura,GF,4.7263,-52.3274,82.96,94,93,1.14,overcast clouds,76.75,2022-06-15 11:08:34
384,Richards Bay,ZA,-28.783,32.0377,63.45,55,96,15.08,overcast clouds,62.08,2022-06-15 11:08:34
385,Kaihua,CN,23.3687,104.28,68.95,88,100,5.46,overcast clouds,69.69,2022-06-15 11:08:34
386,Ivdel,RU,60.6911,60.4206,69.01,50,77,6.31,broken clouds,67.96,2022-06-15 11:08:34
387,Itai,BR,-23.4178,-49.0906,52.59,87,65,6.13,broken clouds,51.64,2022-06-15 11:08:35
388,Abha,SA,18.2164,42.5053,89.85,7,20,18.41,few clouds,85.89,2022-06-15 11:08:35
389,Sheoganj,IN,25.15,73.0667,93.83,45,85,11.27,overcast clouds,99.5,2022-06-15 11:08:35
390,Nedjo,ET,9.5046,35.5019,75.69,58,70,1.77,light rain,75.69,2022-06-15 11:08:36
391,Vila,PT,42.0304,-8.1588,63.48,29,97,3.74,overcast clouds,60.89,2022-06-15 11:08:36
392,La Grande,US,45.3246,-118.0877,44.06,89,3,4.54,clear sky,34.45,2022-06-15 11:04:16
393,Kenai,US,60.5544,-151.2583,50.09,86,0,9.22,clear sky,43.38,2022-06-15 11:08:37
394,Ceres,US,37.5949,-120.9577,66.79,62,0,5.75,clear sky,61.36,2022-06-15 11:08:37
395,Yabelo,ET,4.8833,38.0833,73.49,42,73,3.13,broken clouds,72.52,2022-06-15 11:08:38
396,Slantsy,RU,59.1182,28.0914,54.0,97,100,8.84,light rain,53.65,2022-06-15 11:08:38
397,Isilkul,RU,54.9109,71.2728,68.29,60,88,16.13,light rain,67.64,2022-06-15 11:08:38
398,Fairbanks,US,64.8378,-147.7164,53.6,80,40,8.05,smoke,51.87,2022-06-15 11:05:45
399,Opuwo,NA,-18.0607,13.84,76.75,15,0,9.8,clear sky,74.82,2022-06-15 11:08:39
400,Newport,GB,51.5877,-2.9984,73.69,70,87,4.05,overcast clouds,69.73,2022-06-15 11:07:00
401,Clarence Town,AU,-32.5833,151.7833,57.11,70,0,4.03,clear sky,53.55,2022-06-15 11:08:39
402,Upernavik,GL,72.7868,-56.1549,27.03,65,26,2.59,scattered clouds,27.03,2022-06-15 11:08:39
403,Mugur-Aksy,RU,50.35,90.5,55.06,74,99,3.87,overcast clouds,53.74,2022-06-15 11:08:40
404,Poum,NC,-20.2333,164.0167,77.23,78,1,8.79,clear sky,78.33,2022-06-15 11:08:40
405,Angoche,MZ,-16.2325,39.9086,81.61,56,0,7.43,clear sky,83.23,2022-06-15 11:08:40
406,Havre-Saint-Pierre,CA,50.2334,-63.5986,57.83,68,74,8.08,broken clouds,56.52,2022-06-15 11:08:40
407,Svetlyy,RU,54.675,20.1347,66.25,68,98,12.71,overcast clouds,65.77,2022-06-15 11:08:41
408,Ayagoz,KZ,47.9714,80.4392,76.1,37,87,13.09,overcast clouds,75.15,2022-06-15 11:08:41
409,Preobrazheniye,RU,42.9019,133.9064,53.56,97,100,9.89,overcast clouds,53.19,2022-06-15 11:08:41
410,Alvorada,BR,-12.48,-49.1247,76.37,63,56,8.48,broken clouds,76.68,2022-06-15 11:08:42
411,Xichang,CN,27.8964,102.2634,62.55,93,100,0.92,light rain,62.87,2022-06-15 11:08:42
412,Faya,SA,18.3851,42.4509,90.12,9,23,12.41,few clouds,86.04,2022-06-15 11:08:42
413,Olafsvik,IS,64.8945,-23.7142,48.83,75,99,16.6,overcast clouds,42.76,2022-06-15 11:08:43
414,Yelizovo,RU,53.1873,158.3805,46.11,87,90,8.99,overcast clouds,41.61,2022-06-15 11:08:43
415,Gebre Guracha,ET,9.8,38.4,79.75,15,44,7.85,scattered clouds,79.75,2022-06-15 11:09:43
416,Husavik,IS,66.0449,-17.3389,52.66,71,55,1.39,broken clouds,50.97,2022-06-15 11:09:44
417,Turukhansk,RU,65.8167,87.9833,78.04,37,96,1.68,overcast clouds,77.29,2022-06-15 11:09:44
418,Matagami,CA,49.7502,-77.6328,60.03,74,95,7.49,overcast clouds,59.2,2022-06-15 11:09:44
419,Hami,CN,42.8,93.45,103.05,5,95,6.71,overcast clouds,96.6,2022-06-15 11:09:45
420,Tema,GH,5.667,-0.0166,81.97,71,100,13.18,light rain,86.59,2022-06-15 11:09:45
421,Pisco,PE,-13.7,-76.2167,59.05,77,100,3.44,overcast clouds,58.28,2022-06-15 11:09:45
422,Carbondale,US,37.7273,-89.2168,75.06,87,0,6.91,clear sky,73.81,2022-06-15 11:07:53
423,Kemijarvi,FI,66.7131,27.4306,57.4,86,100,9.13,overcast clouds,56.88,2022-06-15 11:09:46
424,Merrill,US,45.1805,-89.6835,72.37,100,0,4.61,clear sky,72.75,2022-06-15 11:09:46
425,Praia Da Vitoria,PT,38.7333,-27.0667,69.76,94,75,12.59,light intensity drizzle,67.21,2022-06-15 11:09:46
426,Grand Gaube,MU,-20.0064,57.6608,78.39,64,23,8.99,few clouds,78.93,2022-06-15 11:09:47
427,Santarem,BR,-2.4431,-54.7083,73.53,100,40,4.61,scattered clouds,75.27,2022-06-15 11:09:47
428,Chalisgaon,IN,20.4667,75.0167,100.02,26,48,12.57,scattered clouds,100.15,2022-06-15 11:07:09
429,Bilma,NE,18.6853,12.9164,102.38,18,11,3.44,few clouds,99.72,2022-06-15 11:09:47
430,Jishou,CN,28.3167,109.7167,80.87,69,100,2.26,overcast clouds,84.24,2022-06-15 11:09:48
431,Palora,EC,-1.7,-77.9333,58.28,89,16,2.98,few clouds,57.99,2022-06-15 11:09:48
432,Trincomalee,LK,8.5711,81.2335,87.42,68,90,7.31,overcast clouds,97.65,2022-06-15 11:09:48
433,Portel,BR,-1.9356,-50.8211,73.67,95,83,3.27,broken clouds,75.2,2022-06-15 11:09:49
434,Airai,TL,-8.9266,125.4092,58.98,93,55,2.91,broken clouds,58.95,2022-06-15 11:09:49
435,Pokhara,NP,28.2333,83.9833,82.72,58,83,5.95,broken clouds,85.08,2022-06-15 11:09:49
436,Creel,MX,27.75,-107.6333,52.88,86,59,4.05,broken clouds,51.91,2022-06-15 11:09:50
437,Olean,US,42.0776,-78.4297,61.48,77,40,6.91,scattered clouds,58.62,2022-06-15 11:09:50
438,Yevlax,AZ,40.6089,47.1492,91.38,35,40,10.36,scattered clouds,91.02,2022-06-15 11:09:50
439,Vao,NC,-22.6667,167.4833,72.9,82,97,24.47,overcast clouds,73.74,2022-06-15 11:09:51
440,Komsomolskiy,UZ,40.4272,71.7189,88.52,23,39,23.02,light rain,85.26,2022-06-15 11:09:51
441,Bennington,US,42.8781,-73.1968,66.51,87,0,0.0,clear sky,60.44,2022-06-15 11:09:51
442,Biak,ID,-0.9131,122.8766,76.3,84,99,1.59,overcast clouds,77.58,2022-06-15 11:09:51
443,Hokitika,NZ,-42.7167,170.9667,49.86,83,99,9.73,overcast clouds,45.95,2022-06-15 11:09:52
444,Maralal,KE,1.0968,36.698,76.46,34,6,7.11,clear sky,75.4,2022-06-15 11:09:52
445,Laguna,US,38.421,-121.4238,67.08,60,0,5.75,clear sky,59.63,2022-06-15 11:09:53
446,Kango,GA,0.1943,10.0951,87.69,56,28,1.99,scattered clouds,92.8,2022-06-15 11:09:53
447,Clyde River,CA,70.4692,-68.5914,35.17,91,95,6.24,overcast clouds,29.82,2022-06-15 11:09:53
448,Axim,GH,4.8699,-2.2405,79.66,79,99,12.97,light rain,79.66,2022-06-15 11:09:53
449,Rio Grande,BR,-32.035,-52.0986,39.31,82,0,3.27,light rain,37.27,2022-06-15 11:09:54
450,Turmalina,BR,-17.2856,-42.73,58.59,81,100,3.22,overcast clouds,57.96,2022-06-15 11:09:54
451,Xuddur,SO,4.1213,43.8894,89.76,31,0,21.07,clear sky,87.87,2022-06-15 11:09:54
452,Turkistan,KZ,43.0,68.0,100.29,12,64,8.99,broken clouds,95.41,2022-06-15 11:09:55
453,Condoto,CO,5.0935,-76.6497,71.28,98,100,0.81,overcast clouds,72.72,2022-06-15 11:09:55
454,Aykhal,RU,66.0,111.5,70.16,36,85,6.55,overcast clouds,68.58,2022-06-15 11:09:55
455,Wabag,PG,-5.4781,143.7021,53.37,99,76,1.61,broken clouds,53.06,2022-06-15 11:09:56
456,Half Moon Bay,US,37.4636,-122.4286,61.11,79,0,8.05,clear sky,53.2,2022-06-15 11:09:56
457,Arauco,CL,-37.2463,-73.3175,48.9,93,51,3.11,broken clouds,48.33,2022-06-15 11:07:04
458,Codrington,AU,-38.2667,141.9667,55.44,90,95,16.89,overcast clouds,54.91,2022-06-15 11:09:56
459,Bubaque,GW,11.2833,-15.8333,79.93,80,89,12.73,overcast clouds,79.93,2022-06-15 11:09:57
460,Kafanchan,NG,9.5833,8.3,83.34,59,51,5.03,light rain,86.22,2022-06-15 11:08:11
461,South Lake Tahoe,US,38.9332,-119.9844,48.06,58,0,3.44,clear sky,38.75,2022-06-15 11:09:57
462,Skibbereen,IE,51.55,-9.2667,60.12,65,100,9.78,overcast clouds,58.87,2022-06-15 11:09:57
463,North Bend,US,43.4065,-124.2243,48.11,97,0,3.44,clear sky,45.54,2022-06-15 11:09:58
464,Ixtapa,MX,20.7,-105.2,80.22,94,100,3.44,overcast clouds,77.97,2022-06-15 11:10:58
465,Kizema,RU,61.113,44.8302,72.25,74,100,8.32,light rain,72.64,2022-06-15 11:10:58
466,Boca Do Acre,BR,-8.7522,-67.3978,66.4,93,67,0.83,broken clouds,67.1,2022-06-15 11:10:59
467,Apodaca,MX,25.7667,-100.2,76.33,73,100,13.8,overcast clouds,76.62,2022-06-15 11:06:46
468,Ostersund,SE,63.1792,14.6357,55.85,71,0,13.8,clear sky,54.46,2022-06-15 11:10:59
469,Tabuk,PH,17.4189,121.4443,78.76,87,96,2.8,overcast clouds,78.76,2022-06-15 11:11:00
470,Waipawa,NZ,-41.4122,175.5153,48.51,73,27,2.19,scattered clouds,48.51,2022-06-15 11:11:00
471,Benjamin Hill,MX,30.1667,-111.1,75.49,48,0,5.55,clear sky,74.98,2022-06-15 11:11:00
472,Boa Vista,BR,2.8197,-60.6733,75.18,88,75,4.61,broken clouds,76.53,2022-06-15 11:11:01
473,Bharatpur,IN,27.2167,77.4833,108.16,21,57,12.75,broken clouds,109.85,2022-06-15 11:11:01
474,Rundu,NA,-17.9333,19.7667,81.79,16,0,3.06,clear sky,79.57,2022-06-15 11:11:01
475,Bulancak,TR,40.9372,38.2291,76.82,73,40,9.22,scattered clouds,77.63,2022-06-15 11:11:01
476,Two Hills,CA,53.7169,-111.7518,52.86,93,100,26.64,light rain,52.21,2022-06-15 11:10:26
477,Sao Joao Do Piaui,BR,-8.3581,-42.2467,77.86,60,41,11.3,scattered clouds,78.17,2022-06-15 11:11:02
478,Ocos,GT,14.5094,-92.1933,73.58,84,100,2.57,overcast clouds,74.59,2022-06-15 11:11:02
479,Kuryk,KZ,43.2,51.65,88.12,34,61,10.69,broken clouds,86.63,2022-06-15 11:11:03
480,Tessalit,ML,20.1986,1.0114,104.38,14,75,19.37,broken clouds,100.44,2022-06-15 11:11:03
481,Vardo,NO,70.3705,31.1107,46.38,76,100,11.5,overcast clouds,41.04,2022-06-15 11:11:03
482,Jinchang,CN,38.4953,102.1739,90.32,4,3,8.68,clear sky,86.47,2022-06-15 11:11:04
483,Maksatikha,RU,57.797,35.8825,53.78,81,100,13.18,overcast clouds,52.66,2022-06-15 11:11:04
484,Sibolga,ID,1.7427,98.7792,79.77,76,91,0.98,overcast clouds,79.77,2022-06-15 11:11:04
485,Tamugan,PH,7.2308,125.3764,78.24,92,55,1.12,broken clouds,80.1,2022-06-15 11:11:05
486,Port-Gentil,GA,-0.7193,8.7815,76.75,78,5,16.33,clear sky,77.79,2022-06-15 11:11:05
487,Comodoro Rivadavia,AR,-45.8667,-67.5,33.66,86,0,8.05,clear sky,26.83,2022-06-15 11:11:05
488,Upington,ZA,-28.4478,21.2561,52.61,50,31,5.53,scattered clouds,49.93,2022-06-15 11:11:06
489,Gao,ML,16.6362,1.637,98.74,28,76,10.16,broken clouds,99.18,2022-06-15 11:11:06
490,Luang Prabang,LA,19.8856,102.1347,74.53,99,100,0.69,overcast clouds,76.33,2022-06-15 11:11:06
491,Macapa,BR,0.0389,-51.0664,78.78,94,40,1.14,scattered clouds,78.78,2022-06-15 11:09:34
492,Tarakan,ID,3.3,117.6333,82.24,72,68,7.07,broken clouds,87.35,2022-06-15 11:11:07
493,Truth Or Consequences,US,33.1284,-107.2528,73.63,16,0,6.91,clear sky,71.46,2022-06-15 11:11:07
494,Gorom-Gorom,BF,14.4439,-0.2361,99.45,29,88,18.79,overcast clouds,100.81,2022-06-15 11:11:07
495,Ust-Omchug,RU,61.15,149.6333,43.92,91,100,3.2,overcast clouds,42.58,2022-06-15 11:11:08
496,Belyy Yar,RU,53.6039,91.3903,79.86,53,0,4.47,clear sky,79.86,2022-06-15 11:11:08
497,Wanning,CN,18.8003,110.3967,81.64,87,100,8.72,heavy intensity rain,89.62,2022-06-15 11:11:08
498,Neuquen,AR,-38.9516,-68.0591,31.89,100,0,0.0,clear sky,31.89,2022-06-15 11:07:42
499,Krasnoarmeysk,RU,51.0239,45.6969,78.87,35,55,10.85,broken clouds,78.87,2022-06-15 11:11:09
500,Makakilo City,US,21.3469,-158.0858,75.56,70,0,4.61,clear sky,74.12,2022-06-15 11:11:09
501,Butajira,ET,8.1167,38.3667,79.84,29,27,8.9,scattered clouds,79.84,2022-06-15 11:11:09
502,Draguignan,FR,43.5333,6.4667,91.58,41,98,5.75,overcast clouds,89.06,2022-06-15 11:11:10
503,Itarema,BR,-2.9248,-39.9167,77.32,77,30,12.35,scattered clouds,78.37,2022-06-15 11:11:10
504,Nemuro,JP,43.3236,145.575,51.93,90,100,16.89,overcast clouds,51.04,2022-06-15 11:11:10
505,Corn Island,NI,12.1694,-83.0418,77.65,86,100,26.64,overcast clouds,79.16,2022-06-15 11:11:11
506,Chadan,RU,51.2833,91.5833,61.02,90,64,2.89,broken clouds,61.05,2022-06-15 11:11:11
507,Wenling,CN,28.3669,121.36,73.15,95,100,4.7,overcast clouds,74.62,2022-06-15 11:11:11
508,Hammerfest,NO,70.6634,23.6821,45.05,81,75,11.5,broken clouds,39.36,2022-06-15 11:11:12
509,Hailar,CN,49.2,119.7,60.19,81,100,5.48,overcast clouds,59.72,2022-06-15 11:12:12
510,Huarmey,PE,-10.0681,-78.1522,60.51,86,52,6.89,broken clouds,60.31,2022-06-15 11:12:12
511,Impfondo,CG,1.6381,18.0667,92.5,45,86,1.83,overcast clouds,96.91,2022-06-15 11:12:13
512,Ottawa,CA,45.4112,-75.6981,63.23,82,38,7.49,scattered clouds,62.6,2022-06-15 11:11:21
513,Keti Bandar,PK,24.1447,67.4497,88.05,69,5,18.57,clear sky,99.81,2022-06-15 11:12:13
514,Pacific Grove,US,36.6177,-121.9166,53.28,90,0,5.01,clear sky,49.28,2022-06-15 11:12:13
515,Pauini,BR,-7.7136,-66.9764,69.87,92,76,0.67,broken clouds,70.88,2022-06-15 11:12:14
516,Sorong,ID,-0.8833,131.25,81.46,79,99,8.43,moderate rain,87.3,2022-06-15 11:12:14
517,Kingsville,US,27.5159,-97.8561,81.28,85,0,10.36,clear sky,87.13,2022-06-15 11:07:53
518,Nuqui,CO,5.7125,-77.2708,74.89,89,85,3.47,overcast clouds,76.26,2022-06-15 11:12:14
519,Kahului,US,20.8947,-156.47,76.84,75,0,10.36,clear sky,76.6,2022-06-15 11:12:15
520,Saquarema,BR,-22.92,-42.5103,66.24,80,91,4.65,overcast clouds,66.33,2022-06-15 11:12:15
521,Piacabucu,BR,-10.4056,-36.4344,76.46,83,98,15.23,overcast clouds,77.7,2022-06-15 11:12:15
522,Najran,SA,17.4924,44.1277,96.96,8,49,19.57,scattered clouds,91.81,2022-06-15 11:12:16
523,Coxim,BR,-18.5067,-54.76,63.68,57,12,4.38,few clouds,62.42,2022-06-15 11:12:16
524,Hudiksvall,SE,61.729,17.1036,62.17,50,51,8.93,broken clouds,60.44,2022-06-15 11:12:16
525,Beyneu,KZ,45.3167,55.2,92.05,14,65,6.42,broken clouds,87.75,2022-06-15 11:12:17
526,Ahuimanu,US,21.4447,-157.8378,76.75,80,20,4.61,few clouds,75.33,2022-06-15 11:12:17
527,Moussoro,TD,13.6408,16.4901,91.33,33,100,2.33,overcast clouds,90.34,2022-06-15 11:12:17
528,Lahaina,US,20.8783,-156.6825,76.8,83,10,7.61,clear sky,77.54,2022-06-15 11:12:18
529,Harper,LR,4.375,-7.7169,77.5,86,100,8.39,moderate rain,79.0,2022-06-15 11:12:18
530,Mengcheng,CN,33.2579,116.5655,90.77,28,87,4.38,overcast clouds,88.38,2022-06-15 11:12:18
531,Thinadhoo,MV,0.5333,72.9333,83.62,70,20,6.85,few clouds,89.67,2022-06-15 11:12:19
532,Dawei,MM,14.0833,98.2,83.91,74,53,4.83,broken clouds,91.6,2022-06-15 11:08:06
533,Mizusawa,JP,39.1333,141.1333,58.64,99,100,3.42,overcast clouds,58.86,2022-06-15 11:12:19
534,Amantea,IT,39.1332,16.0746,91.45,62,0,4.76,clear sky,85.33,2022-06-15 11:12:19
535,Teknaf,BD,20.8624,92.3058,84.07,79,100,7.85,light rain,93.81,2022-06-15 11:12:20
536,Krasnoarmeyskiy,RU,47.0114,42.2072,80.26,34,99,7.23,overcast clouds,79.63,2022-06-15 11:12:20
537,Balabac,PH,7.9868,117.0645,83.26,75,55,11.21,broken clouds,90.39,2022-06-15 11:12:20
538,Ekibastuz,KZ,51.6667,75.3667,66.76,52,92,17.52,overcast clouds,65.57,2022-06-15 11:12:21
539,Jingdezhen,CN,29.2947,117.2079,77.49,86,96,0.98,overcast clouds,78.98,2022-06-15 11:12:21
540,Gitarama,RW,-2.0744,29.7567,76.46,54,81,5.86,broken clouds,71.53,2022-06-15 11:12:21
541,Sao Felix Do Xingu,BR,-6.6447,-51.995,70.61,97,16,0.65,few clouds,71.92,2022-06-15 11:12:22
542,Sortino,IT,37.1566,15.026,85.37,35,1,14.03,clear sky,79.14,2022-06-15 11:12:22
543,Sakaiminato,JP,35.55,133.2333,68.05,91,95,6.78,overcast clouds,68.83,2022-06-15 11:12:22
544,Pijijiapan,MX,15.7011,-93.23,73.49,94,100,0.74,overcast clouds,74.97,2022-06-15 11:12:23
545,Buraydah,SA,26.326,43.975,109.92,5,0,9.13,clear sky,102.02,2022-06-15 11:12:23
546,Miyazu,JP,35.5333,135.1833,64.78,96,100,3.74,overcast clouds,65.46,2022-06-15 11:11:12
547,Rangoon,MM,16.8053,96.1561,78.76,100,100,13.8,overcast clouds,78.76,2022-06-15 11:12:23
548,Moron,AR,-34.6534,-58.6198,53.35,95,100,3.69,overcast clouds,47.21,2022-06-15 11:12:24
549,Miles City,US,46.4083,-105.8406,52.77,58,0,24.16,clear sky,50.47,2022-06-15 11:12:24
550,Hoima,UG,1.4356,31.3436,84.13,42,7,1.99,clear sky,83.75,2022-06-15 11:09:18
551,Byron Bay,AU,-28.65,153.6167,59.94,83,0,7.67,clear sky,59.52,2022-06-15 11:12:25
552,Buritama,BR,-21.0661,-50.1472,62.42,50,97,5.95,overcast clouds,60.71,2022-06-15 11:12:25
553,Duvan,RU,55.695,57.9024,72.81,51,27,9.78,scattered clouds,72.18,2022-06-15 11:12:25
554,Okhotsk,RU,59.3833,143.3,43.43,92,98,4.83,overcast clouds,40.62,2022-06-15 11:12:25
555,Chiredzi,ZW,-21.05,31.6667,85.48,18,0,8.59,clear sky,82.33,2022-06-15 11:12:26
556,Gavrilovka Vtoraya,RU,52.877,42.7663,68.76,83,99,10.51,light rain,69.22,2022-06-15 11:13:26
557,Nenjiang,CN,49.1833,125.2167,62.04,96,91,13.4,overcast clouds,62.46,2022-06-15 11:13:26
558,Palasa,IN,18.7667,84.4167,90.59,61,95,11.34,overcast clouds,101.71,2022-06-15 11:13:27
559,Kanniyakumari,IN,8.0833,77.5667,84.83,71,78,23.98,broken clouds,92.68,2022-06-15 11:13:27
560,Madoc,CA,44.5084,-77.4745,61.95,97,5,3.04,clear sky,60.15,2022-06-15 11:13:27
561,Severomuysk,RU,56.1481,113.4267,54.0,71,96,2.01,light rain,52.43,2022-06-15 11:13:28
562,Kiama,AU,-34.6833,150.8667,54.45,73,5,7.87,clear sky,50.23,2022-06-15 11:13:28
563,Bom Jardim,BR,-7.7958,-35.5872,73.9,81,69,4.59,broken clouds,74.8,2022-06-15 11:13:28
564,Parabel,RU,58.6978,81.4825,60.71,79,75,14.88,broken clouds,60.19,2022-06-15 11:13:29
565,Hindaun,IN,26.7167,77.0167,106.36,23,43,11.25,scattered clouds,108.46,2022-06-15 11:13:29
566,Sao Joao Da Barra,BR,-21.6403,-41.0511,62.69,75,49,6.87,scattered clouds,62.19,2022-06-15 11:13:30
567,Saint-Denis,FR,48.9167,2.3333,83.05,43,0,9.22,clear sky,80.29,2022-06-15 11:13:30
568,Pathein,MM,16.7833,94.7333,83.86,78,100,6.46,light rain,92.86,2022-06-15 11:13:30
569,Manaure,CO,11.7751,-72.4445,79.47,80,100,5.97,overcast clouds,79.47,2022-06-15 11:13:30
570,Gallup,US,35.5281,-108.7426,57.96,28,0,3.44,clear sky,49.8,2022-06-15 11:09:33
571,Sharjah,AE,25.3573,55.4033,106.09,27,0,13.8,clear sky,111.18,2022-06-15 11:09:14
572,Vaitape,PF,-16.5167,-151.75,80.73,69,83,23.47,broken clouds,84.0,2022-06-15 11:13:31
573,Fengkou,CN,30.0833,113.2667,83.19,73,61,7.05,broken clouds,89.64,2022-06-15 11:13:31
574,Goodyear,US,33.4353,-112.3582,84.61,29,0,1.99,clear sky,77.45,2022-06-15 11:11:05
575,Yenagoa,NG,4.9247,6.2642,83.8,74,70,5.64,moderate rain,91.35,2022-06-15 11:13:32
576,Necochea,AR,-38.5473,-58.7368,46.47,71,98,5.57,overcast clouds,43.72,2022-06-15 11:13:32
577,Jumla,NP,29.2747,82.1838,76.05,40,65,7.23,broken clouds,75.24,2022-06-15 11:13:32
578,Acajutla,SV,13.5928,-89.8275,76.8,81,100,7.65,overcast clouds,77.99,2022-06-15 11:13:33
579,Sambava,MG,-14.2667,50.1667,77.94,73,20,12.21,light rain,78.85,2022-06-15 11:13:33
580,Antsohihy,MG,-14.8796,47.9875,92.88,32,0,4.97,clear sky,92.12,2022-06-15 11:13:33
581,Sola,VU,-13.8833,167.55,81.05,80,87,20.02,overcast clouds,86.54,2022-06-15 11:13:34
582,Tallahassee,US,30.4383,-84.2807,73.24,96,40,0.0,scattered clouds,73.71,2022-06-15 11:10:16
583,Sikandarpur,IN,26.05,84.05,111.11,18,61,16.4,broken clouds,111.97,2022-06-15 11:13:34
584,Zafra,ES,38.4167,-6.4167,94.73,18,100,7.76,overcast clouds,90.81,2022-06-15 11:13:35
585,Pahalgam,IN,34.0333,75.3333,68.72,49,60,7.0,broken clouds,67.6,2022-06-15 11:13:35
586,Seoul,KR,37.5683,126.9778,65.64,81,75,1.1,broken clouds,65.66,2022-06-15 11:09:14
587,Trairi,BR,-3.2778,-39.2689,76.87,78,40,9.95,scattered clouds,77.94,2022-06-15 11:13:00
588,Majene,ID,-3.5403,118.9707,79.48,86,97,6.53,overcast clouds,79.48,2022-06-15 11:13:35
589,Liwale,TZ,-9.7667,37.9333,87.93,36,5,3.11,clear sky,86.83,2022-06-15 11:13:36
590,San Luis,AR,-33.295,-66.3356,40.41,61,5,3.78,clear sky,37.99,2022-06-15 11:13:36
591,Novo Cruzeiro,BR,-17.4681,-41.8753,58.6,80,100,4.97,overcast clouds,57.92,2022-06-15 11:13:36
592,Akdepe,TM,42.0551,59.3788,95.86,13,4,15.93,clear sky,91.24,2022-06-15 11:13:37
593,Cayenne,GF,4.9333,-52.3333,83.08,1,83,1.14,broken clouds,80.62,2022-06-15 11:13:24
594,Kununurra,AU,-15.7667,128.7333,67.98,49,54,2.3,broken clouds,66.78,2022-06-15 11:13:37
595,Emerald,AU,-23.5333,148.1667,62.89,67,45,7.14,scattered clouds,62.02,2022-06-15 11:13:38
596,Asfi,MA,32.2994,-9.2372,69.28,87,100,10.78,overcast clouds,70.0,2022-06-15 11:13:38
597,Lavrentiya,RU,65.5833,-171.0,35.89,98,100,4.29,overcast clouds,32.27,2022-06-15 11:13:38
598,Sechura,PE,-5.5569,-80.8222,60.66,87,69,9.93,broken clouds,60.51,2022-06-15 11:13:39
599,Severnyy,RU,50.677,36.5532,69.84,43,0,6.71,clear sky,68.54,2022-06-15 11:13:39
600,Mogadishu,SO,2.0371,45.3438,81.91,73,10,19.77,clear sky,86.94,2022-06-15 11:13:39
601,Nizhnevartovsk,RU,60.9344,76.5531,62.62,82,75,7.0,broken clouds,62.44,2022-06-15 11:13:40
602,Goure,NE,13.9835,10.2704,97.02,24,80,5.17,broken clouds,95.04,2022-06-15 11:13:40
603,Solnechnyy,RU,50.7214,136.6319,64.58,67,40,3.53,scattered clouds,63.9,2022-06-15 11:14:40
604,Vostok,RU,46.4856,135.8833,58.44,71,83,6.4,light rain,57.33,2022-06-15 11:14:41
605,Manono,CD,-7.3,27.4167,96.98,21,0,2.42,clear sky,94.03,2022-06-15 11:14:41
606,Palu,ID,-0.8917,119.8707,76.46,95,76,2.68,heavy intensity rain,78.28,2022-06-15 11:14:41
607,Sabha,LY,27.0377,14.4283,92.43,15,0,7.0,clear sky,88.16,2022-06-15 11:14:42
608,Glenwood Springs,US,39.5505,-107.3248,49.23,27,0,10.36,clear sky,39.7,2022-06-15 11:14:42
609,Natal,BR,-5.795,-35.2094,77.65,88,20,4.61,few clouds,79.25,2022-06-15 11:14:42
610,Tongliao,CN,43.6125,122.2653,72.82,57,79,6.38,broken clouds,72.48,2022-06-15 11:14:42
611,Arman,RU,59.7,150.1667,48.02,95,100,1.32,light rain,48.02,2022-06-15 11:14:43
612,Tomigusuku,JP,26.185,127.675,79.34,96,75,10.36,thunderstorm,79.14,2022-06-15 11:14:43
613,Agde,FR,43.3108,3.4758,85.89,37,0,9.22,clear sky,83.14,2022-06-15 11:14:43
614,Pimenta Bueno,BR,-11.6725,-61.1936,66.54,90,9,0.78,clear sky,67.12,2022-06-15 11:14:44
615,Cosereni,RO,44.6833,26.5667,72.41,50,96,0.51,overcast clouds,70.36,2022-06-15 11:14:44
616,Bushenyi,UG,-0.5853,30.2114,78.15,44,26,5.68,scattered clouds,77.74,2022-06-15 11:14:44
617,Gari,RU,59.4307,62.3497,73.45,43,37,9.28,scattered clouds,72.52,2022-06-15 11:14:45
618,Riyadh,SA,24.6877,46.7219,107.74,7,4,10.54,clear sky,101.03,2022-06-15 11:14:39
619,Catalina,US,32.5056,-110.9211,75.6,23,0,2.37,clear sky,68.11,2022-06-15 11:14:45
620,Boquete,PA,8.7833,-82.4333,60.4,97,100,0.96,overcast clouds,60.71,2022-06-15 11:14:45
621,Claveria,PH,18.6074,121.0832,81.61,84,100,4.74,overcast clouds,88.79,2022-06-15 11:14:46
622,La Ronge,CA,55.1001,-105.2842,53.82,100,100,8.05,mist,53.6,2022-06-15 11:13:39
623,Astana,KZ,51.1801,71.446,67.95,56,75,6.71,broken clouds,67.06,2022-06-15 11:11:03
624,Ewa Beach,US,21.3156,-158.0072,76.98,70,0,5.99,clear sky,75.9,2022-06-15 11:14:46
625,Dalnegorsk,RU,44.5604,135.5701,52.9,90,100,2.46,overcast clouds,52.12,2022-06-15 11:14:47
626,Brewster,US,41.3973,-73.6171,67.82,89,0,0.0,clear sky,61.83,2022-06-15 11:14:47
627,Bagdarin,RU,54.4333,113.6,61.72,72,69,4.72,light rain,60.98,2022-06-15 11:14:47
628,Esfarayen,IR,37.0765,57.5101,94.93,15,0,8.46,clear sky,90.57,2022-06-15 11:14:48
629,Ranong,TH,9.9658,98.6348,82.47,80,98,2.55,overcast clouds,89.96,2022-06-15 11:14:48
630,Ouargaye,BF,11.5033,0.0572,89.24,46,100,13.56,overcast clouds,91.62,2022-06-15 11:14:48
631,Kauswagan,PH,8.1917,124.0847,80.94,80,78,1.92,broken clouds,86.31,2022-06-15 11:14:49
632,Elko,US,41.0002,-115.5012,37.63,56,0,5.99,clear sky,32.76,2022-06-15 11:14:49
633,Tadpatri,IN,14.9167,78.0167,95.81,31,100,12.24,light rain,96.01,2022-06-15 11:14:49
634,Krasnyy Oktyabr,RU,56.1167,38.8833,63.23,54,56,10.51,broken clouds,61.79,2022-06-15 11:14:49
635,Itaituba,BR,-4.2761,-55.9836,71.87,99,88,1.66,overcast clouds,73.42,2022-06-15 11:14:50
636,Alanya,TR,36.5438,31.9998,80.73,67,10,5.88,clear sky,83.7,2022-06-15 11:14:50
637,Luau,AO,-10.7073,22.2247,88.86,17,19,2.44,few clouds,85.08,2022-06-15 11:14:50
638,Mittersill,AT,47.2667,12.4833,81.55,52,72,1.99,broken clouds,77.29,2022-06-15 11:14:51
639,Atarra,IN,25.2833,80.5667,109.31,21,54,9.22,broken clouds,111.74,2022-06-15 11:14:51
640,Cairns,AU,-16.9167,145.7667,73.35,84,75,6.91,broken clouds,73.65,2022-06-15 11:14:51
641,Curuguaty,PY,-24.4694,-55.6945,50.02,86,0,3.44,clear sky,48.76,2022-06-15 11:14:52
642,Ierapetra,GR,35.01,25.7353,81.45,54,0,4.74,clear sky,82.74,2022-06-15 11:14:52
643,Masuguru,TZ,-11.3667,38.4167,92.35,32,0,1.25,clear sky,91.4,2022-06-15 11:14:52
644,Santa Vitoria Do Palmar,BR,-33.5189,-53.3681,48.43,90,2,2.64,clear sky,48.43,2022-06-15 11:14:53
645,Kurumkan,RU,54.3,110.3,78.1,39,91,5.44,overcast clouds,77.43,2022-06-15 11:14:53
646,Marzuq,YE,14.4,46.4667,96.98,11,37,9.73,scattered clouds,92.07,2022-06-15 11:14:53
647,Leo,BF,11.1,-2.1,89.65,45,89,9.78,overcast clouds,91.92,2022-06-15 11:14:54
648,Evensk,RU,61.95,159.2333,41.72,90,100,9.13,overcast clouds,36.16,2022-06-15 11:14:54
649,Egvekinot,RU,66.3167,-179.1667,29.25,95,98,6.24,overcast clouds,22.75,2022-06-15 11:14:54
650,Sheridan,US,44.8333,-106.9173,47.91,55,40,3.44,scattered clouds,41.94,2022-06-15 11:14:55
651,Mahon,ES,39.8885,4.2658,86.56,42,0,8.05,clear sky,86.56,2022-06-15 11:15:55
652,Mount Vernon,US,40.9126,-73.8371,74.66,76,75,4.61,broken clouds,67.8,2022-06-15 11:15:55
653,Victor Harbor,AU,-35.5667,138.6167,53.67,87,6,11.72,clear sky,52.83,2022-06-15 11:15:56
654,Verkhoyansk,RU,67.5447,133.385,70.25,35,91,11.88,overcast clouds,68.61,2022-06-15 11:15:56
655,Dori,BF,14.0354,-0.0345,98.47,30,97,17.81,overcast clouds,99.75,2022-06-15 11:15:56
656,Fasa,IR,28.9383,53.6482,103.24,11,20,6.91,few clouds,98.13,2022-06-15 11:15:57
657,Halifax,CA,44.6453,-63.5724,59.0,86,75,18.01,broken clouds,56.39,2022-06-15 11:15:14
658,Cadillac,US,44.2519,-85.4012,73.31,94,0,5.75,mist,74.73,2022-06-15 11:14:09
659,Bermejo,AR,-32.8833,-68.8,44.51,49,0,4.61,clear sky,42.04,2022-06-15 11:15:57
660,Sarangani,PH,5.4033,125.4636,84.43,73,49,18.12,scattered clouds,92.5,2022-06-15 11:15:58
661,Santa Maria,BR,-29.6842,-53.8069,48.69,88,0,3.15,clear sky,48.06,2022-06-15 11:14:04
662,Kawalu,ID,-7.3817,108.2082,74.82,94,84,1.52,broken clouds,76.42,2022-06-15 11:15:58
663,Pontianak,ID,-0.0333,109.3333,80.58,89,40,9.22,scattered clouds,87.08,2022-06-15 11:15:58
664,Rindal,NO,63.0565,9.2124,53.55,79,100,3.29,overcast clouds,52.32,2022-06-15 11:15:59
665,Glendive,US,47.1053,-104.7125,52.48,70,75,21.85,broken clouds,48.99,2022-06-15 11:15:59
666,Abu Samrah,SY,35.3029,37.1841,86.59,31,0,6.8,clear sky,84.47,2022-06-15 11:16:00
667,Humberto De Campos,BR,-2.5983,-43.4611,77.59,79,11,7.05,few clouds,78.76,2022-06-15 11:16:00
668,Baker City,US,44.7749,-117.8344,41.65,95,0,3.44,mist,32.07,2022-06-15 11:16:00
669,Tikapur,NP,28.5,81.1333,114.87,11,15,10.42,few clouds,110.73,2022-06-15 11:16:01
670,Suez,EG,29.9737,32.5263,91.33,30,0,10.54,clear sky,89.51,2022-06-15 11:16:01
671,Tukrah,LY,32.5341,20.5791,80.53,56,0,12.48,clear sky,81.97,2022-06-15 11:16:01
672,Ustyuzhna,RU,58.8394,36.4321,58.55,72,94,15.97,overcast clouds,57.49,2022-06-15 11:16:02
673,Daokou,CN,35.5639,114.5058,93.09,21,17,8.41,few clouds,89.58,2022-06-15 11:16:02
674,Pahrump,US,36.2083,-115.9839,73.45,17,0,3.0,clear sky,62.74,2022-06-15 11:15:26
675,Tarko-Sale,RU,64.9225,77.785,71.8,55,100,12.06,overcast clouds,71.26,2022-06-15 11:16:02
676,Wesselsbron,ZA,-27.8549,26.3658,50.68,39,5,11.39,clear sky,47.28,2022-06-15 11:16:03
677,Jiayuguan,CN,39.8167,98.3,90.52,4,66,14.79,broken clouds,86.63,2022-06-15 11:16:03
678,Zachepylivka,UA,49.1939,35.2394,71.11,45,32,10.09,scattered clouds,70.03,2022-06-15 11:16:03
679,Bandarbeyla,SO,9.4942,50.8122,90.93,46,48,26.4,scattered clouds,94.51,2022-06-15 11:16:04
680,Urengoy,RU,65.9667,78.3667,72.41,51,80,4.45,broken clouds,71.74,2022-06-15 11:16:04
